date,Australia,Belgium,Brazil,Canada,Czech Republic,Denmark,Estonia,Finland,France,Germany,Ireland,Italy,Japan,Luxembourg,Mexico,Netherlands,New Zealand,Norway,Philippines,Singapore,Slovakia,Spain,Sweden,Switzerland,Taiwan,United Kingdom,United States
2020/2/15,3,9,8,3,14,2,-1,0,12,10,-12,9,1,4,4,3,8,7,1,-17,12,8,4,6,-10,-12,3
2020/2/16,3,-3,3,4,9,-5,-1,-8,7,6,-6,11,-10,2,6,-5,7,-5,-3,-22,17,5,-11,8,-22,-7,2
2020/2/17,7,4,9,-28,1,-3,0,-10,-6,1,0,3,-1,-11,5,-3,15,-5,-2,-14,5,3,-6,-2,-17,-2,-9
2020/2/18,7,6,9,-1,2,-1,4,-9,-4,1,0,4,-2,-13,2,-3,8,-5,0,-15,3,4,-4,3,-15,-3,1
2020/2/19,8,5,8,0,-2,-2,4,-8,-6,-1,-2,3,-3,-12,3,-3,11,-1,-6,-15,0,2,-3,-4,-12,-4,1
2020/2/20,9,3,11,-1,0,-1,6,-10,-4,3,-1,5,-3,-12,3,-3,11,-9,-5,-12,1,5,-6,5,-15,-5,0
2020/2/21,12,7,12,-1,-1,-1,3,-12,0,-1,-1,5,-2,-5,4,1,10,-4,-6,-12,-5,6,-2,1,-12,-3,1
2020/2/22,8,2,6,6,11,-4,-7,-7,14,9,-1,8,-3,12,4,10,1,2,-1,-16,10,14,-2,14,-17,-2,5
2020/2/23,4,-2,2,5,1,0,7,1,12,2,1,6,2,5,7,2,2,7,-7,-19,6,11,0,13,-15,3,5
2020/2/24,8,-11,-27,-1,1,2,-13,-4,-1,-5,1,-15,-27,-3,4,-4,18,3,-4,-14,5,4,-3,7,-14,-2,1
2020/2/25,10,-8,-35,0,2,1,4,-1,-3,-5,0,-18,-2,-1,2,-4,10,-1,-18,-13,7,3,-3,3,-12,1,2
2020/2/26,10,-11,-17,-2,0,0,2,-3,-5,-7,1,-23,-5,0,1,-7,12,1,-3,-14,0,1,-5,-5,-11,-1,3
2020/2/27,10,-15,1,-5,-1,2,1,-3,-5,-5,4,-22,-7,0,2,-8,12,0,-6,-9,4,6,-2,-5,-4,0,4
2020/2/28,14,-10,2,1,0,6,-3,-5,0,-2,4,-20,-10,4,6,-5,13,1,-6,-11,-2,2,-1,-1,-14,0,5
2020/2/29,11,-2,-2,6,2,5,0,4,4,1,-9,-16,-21,12,5,-3,3,2,0,-13,11,6,5,-7,-16,-2,7
2020/3/1,6,5,-10,6,9,5,1,-4,2,4,2,-26,-23,12,7,2,8,-1,-5,-16,8,5,-6,2,-11,5,7
2020/3/2,6,0,6,-2,0,1,2,-4,-4,-1,1,-25,-15,1,4,-1,16,0,-5,-12,4,-3,-3,-7,-14,0,2
2020/3/3,9,1,6,-2,-6,-1,0,-7,-4,-3,2,-21,-15,0,2,-2,8,-2,-4,-13,-1,1,-4,-3,-15,-1,3
2020/3/4,7,1,7,0,0,1,0,-8,-6,-4,1,-19,-19,0,3,-1,9,1,-7,-12,-1,2,-5,-2,-16,-2,2
2020/3/5,6,-2,10,-1,-1,-1,4,-6,-6,-5,0,-28,-18,-2,3,-3,10,3,-6,-9,3,0,-4,-11,-18,-3,2
2020/3/6,9,3,13,-3,-1,-2,7,-6,-1,-7,0,-29,-18,1,3,-1,9,2,-8,-10,-5,0,-1,-8,-9,1,2
2020/3/7,3,8,8,3,-1,7,7,1,1,-2,-4,-24,-24,8,2,3,3,1,-4,-15,-2,4,6,-9,-18,-1,7
2020/3/8,0,-2,2,3,9,-1,22,0,-2,2,-4,-27,-31,0,4,-3,5,-9,-9,-16,8,8,-6,3,-16,2,5
2020/3/9,-9,-1,12,-3,-2,-3,3,-7,-5,-5,-6,-42,-15,-3,-17,-4,12,-2,-7,-14,-2,0,-5,-8,-14,-3,-1
2020/3/10,6,-4,11,-6,-2,-7,2,-9,-6,-8,-3,-51,-18,-5,3,-6,6,-7,-11,-13,-11,-1,-6,-10,-18,-4,-3
2020/3/11,6,-4,10,-3,-17,-10,-2,-10,-5,-7,-9,-57,-16,-4,2,-8,7,-9,-17,-13,-22,-9,-7,-6,-12,-6,-2
2020/3/12,6,-7,10,-6,-18,-36,-3,-13,-7,-9,-14,-67,-15,-6,3,-12,7,-20,-17,-9,-24,-16,-16,-11,-15,-8,-6
2020/3/13,5,-16,10,-17,-26,-48,-17,-26,-8,-15,-30,-71,-17,-12,5,-26,6,-39,-17,-12,-44,-32,-19,-15,-12,-9,-10
2020/3/14,-10,-34,0,-19,-26,-36,-26,-27,-16,-19,-34,-76,-27,-16,4,-28,-2,-37,-15,-15,-50,-52,-13,-26,-25,-15,-10
2020/3/15,-13,-34,-7,-22,-31,-50,-23,-32,-21,-16,-35,-80,-21,-8,-4,-33,-2,-54,-42,-18,-56,-71,-30,-16,-13,-16,-13
2020/3/16,-7,-43,-4,-37,-50,-52,-38,-34,-39,-25,-45,-74,-15,-32,-30,-49,3,-49,-42,-16,-58,-71,-25,-30,-13,-16,-22
2020/3/17,-14,-46,-15,-45,-56,-55,-39,-44,-61,-35,-62,-76,-15,-44,-9,-54,-9,-53,-63,-16,-60,-74,-32,-42,-15,-27,-26
2020/3/18,-18,-56,-22,-48,-55,-61,-47,-47,-76,-39,-52,-77,-14,-56,-17,-55,-10,-55,-72,-19,-61,-76,-37,-45,-15,-34,-30
2020/3/19,-22,-67,-31,-52,-58,-58,-38,-48,-78,-46,-54,-78,-10,-64,-22,-61,-14,-56,-75,-19,-60,-80,-35,-51,-21,-37,-36
2020/3/20,-22,-71,-37,-54,-59,-62,-43,-52,-80,-52,-57,-78,-34,-68,-26,-61,-20,-55,-79,-21,-63,-80,-37,-56,-12,-40,-37
2020/3/21,-28,-67,-50,-49,-66,-55,-39,-51,-82,-59,-59,-80,-15,-72,-29,-54,-32,-42,-78,-23,-70,-84,-28,-62,-23,-46,-36
2020/3/22,-34,-63,-60,-54,-65,-60,-35,-52,-84,-58,-53,-87,-18,-68,-33,-57,-36,-57,-79,-31,-69,-87,-33,-66,-22,-46,-44
2020/3/23,-36,-70,-58,-63,-60,-60,-43,-54,-82,-56,-61,-81,-13,-74,-37,-65,-34,-58,-81,-24,-66,-81,-38,-59,-19,-53,-47
2020/3/24,-45,-69,-63,-64,-59,-60,-44,-54,-82,-56,-62,-81,-13,-73,-41,-65,-51,-59,-81,-23,-63,-81,-37,-58,-19,-64,-46
2020/3/25,-50,-69,-63,-65,-58,-59,-44,-54,-83,-56,-63,-82,-11,-74,-44,-64,-61,-58,-81,-25,-65,-82,-36,-59,-17,-68,-47
2020/3/26,-53,-72,-62,-68,-60,-59,-44,-55,-83,-57,-65,-83,-13,-75,-46,-66,-84,-56,-81,-25,-63,-82,-35,-61,-20,-70,-48
2020/3/27,-53,-70,-60,-66,-56,-61,-48,-58,-84,-56,-66,-82,-19,-74,-47,-64,-84,-57,-83,-27,-62,-83,-35,-58,-17,-71,-49
2020/3/28,-53,-67,-59,-64,-49,-56,-41,-54,-83,-53,-75,-82,-33,-67,-43,-61,-84,-50,-82,-33,-54,-86,-29,-53,-34,-74,-49
2020/3/29,-58,-76,-62,-66,-61,-60,-51,-59,-87,-68,-78,-87,-41,-78,-47,-68,-84,-57,-82,-40,-61,-88,-36,-68,-24,-75,-51
2020/3/30,-59,-72,-59,-70,-58,-59,-52,-57,-83,-56,-76,-81,-20,-74,-47,-68,-85,-53,-84,-29,-62,-84,-39,-62,-20,-73,-50
2020/3/31,-59,-71,-58,-68,-59,-54,-51,-59,-82,-53,-74,-79,-20,-73,-48,-64,-85,-52,-83,-29,-60,-84,-37,-53,-17,-72,-49
2020/4/1,-60,-69,-57,-68,-55,-58,-49,-56,-81,-53,-75,-79,-25,-72,-50,-64,-85,-54,-84,-31,-60,-84,-38,-52,-6,-73,-48
2020/4/2,-63,-73,-57,-70,-56,-61,-52,-59,-82,-54,-76,-79,-23,-73,-52,-67,-85,-58,-84,-33,-59,-84,-43,-53,-26,-73,-51
2020/4/3,-61,-72,-55,-69,-58,-61,-57,-62,-82,-57,-76,-79,-25,-76,-52,-65,-86,-53,-85,-32,-60,-84,-41,-54,-31,-72,-51
2020/4/4,-61,-64,-53,-63,-51,-53,-44,-55,-80,-52,-74,-80,-35,-67,-48,-57,-84,-46,-84,-36,-52,-86,-32,-51,-33,-72,-50
2020/4/5,-62,-60,-57,-67,-46,-49,-43,-57,-82,-47,-79,-86,-43,-65,-51,-52,-84,-52,-84,-40,-55,-89,-37,-48,-28,-70,-54
2020/4/6,-61,-69,-53,-68,-51,-52,-43,-56,-81,-49,-74,-78,-24,-71,-54,-63,-85,-46,-84,-32,-54,-83,-35,-51,-21,-72,-52
2020/4/7,-61,-67,-53,-68,-45,-51,-39,-56,-80,-50,-71,-78,-27,-71,-56,-61,-85,-44,-83,-54,-46,-83,-37,-50,-22,-69,-51
2020/4/8,-61,-66,-52,-67,-44,-51,-38,-54,-80,-49,-72,-78,-34,-70,-55,-58,-85,-52,-83,-63,-59,-82,-36,-51,-21,-70,-51
2020/4/9,-59,-67,-49,-68,-42,-62,-42,-54,-80,-49,-73,-78,-36,-72,-62,-61,-85,-58,-86,-63,-61,-88,-37,-50,-23,-70,-54
2020/4/10,-77,-67,-69,-77,-58,-65,-53,-69,-81,-69,-76,-77,-38,-73,-72,-60,-89,-58,-90,-75,-80,-92,-54,-61,-17,-75,-54
2020/4/11,-63,-60,-52,-63,-37,-52,-43,-54,-79,-48,-70,-78,-48,-65,-63,-51,-82,-55,-86,-66,-56,-84,-36,-47,-32,-70,-49
2020/4/12,-64,-61,-55,-67,-38,-47,-58,-70,-82,-47,-82,-88,-58,-68,-57,-54,-85,-52,-84,-70,-61,-89,-43,-49,-33,-71,-56
2020/4/13,-73,-80,-53,-74,-73,-65,-47,-68,-88,-73,-80,-91,-45,-85,-56,-75,-89,-63,-83,-66,-80,-85,-61,-61,-21,-78,-55
2020/4/14,-61,-70,-55,-68,-50,-53,-50,-58,-78,-52,-71,-77,-41,-71,-57,-64,-87,-52,-82,-65,-56,-79,-38,-52,-20,-69,-50
2020/4/15,-60,-66,-53,-68,-44,-51,-46,-57,-78,-49,-71,-76,-41,-69,-56,-59,-86,-47,-83,-66,-51,-81,-35,-49,-18,-69,-49
2020/4/16,-60,-67,-53,-68,-43,-50,-49,-58,-78,-48,-66,-76,-43,-68,-57,-60,-86,-48,-84,-66,-50,-80,-37,-51,-20,-70,-50
2020/4/17,-59,-66,-51,-67,-43,-50,-46,-59,-79,-49,-68,-76,-46,-68,-58,-59,-87,-44,-85,-65,-53,-81,-36,-50,-15,-71,-51
2020/4/18,-55,-67,-50,-57,-31,-43,-37,-52,-78,-46,-65,-77,-60,-64,-55,-57,-84,-30,-84,-66,-45,-84,-26,-46,-24,-71,-47
2020/4/19,-58,-63,-56,-64,-47,-43,-37,-55,-81,-44,-66,-84,-53,-65,-56,-49,-85,-32,-85,-69,-62,-89,-31,-46,-25,-66,-50
2020/4/20,-60,-65,-53,-65,-44,-42,-39,-53,-78,-44,-65,-79,-47,-65,-57,-60,-85,-37,-84,-68,-52,-80,-32,-51,-21,-68,-49
2020/4/21,-58,-64,-68,-68,-42,-40,-34,-50,-77,-44,-63,-77,-46,-64,-60,-60,-85,-34,-84,-69,-52,-80,-29,-50,-23,-67,-49
2020/4/22,-58,-63,-51,-67,-41,-40,-34,-51,-76,-43,-63,-76,-48,-62,-60,-56,-84,-36,-85,-69,-52,-80,-30,-46,-23,-67,-48
2020/4/23,-58,-63,-54,-66,-41,-40,-37,-53,-76,-42,-64,-75,-48,-62,-61,-56,-85,-38,-85,-70,-51,-80,-31,-47,-26,-67,-50
2020/4/24,-56,-64,-50,-65,-41,-46,-42,-57,-77,-46,-64,-73,-48,-62,-62,-56,-84,-42,-86,-71,-53,-79,-34,-46,-21,-66,-50
2020/4/25,-56,-58,-48,-54,-35,-40,-33,-52,-76,-41,-58,-83,-53,-57,-58,-51,-81,-29,-85,-70,-49,-83,-24,-44,-31,-65,-42
2020/4/26,-55,-54,-54,-62,-32,-45,-35,-56,-77,-39,-67,-81,-58,-58,-59,-46,-82,-37,-85,-72,-49,-82,-31,-47,-31,-64,-48
2020/4/27,-60,-62,-51,-64,-37,-44,-39,-53,-76,-41,-63,-72,-47,-59,-60,-63,-87,-41,-84,-70,-49,-76,-36,-40,-22,-66,-48
2020/4/28,-57,-68,-50,-64,-34,-39,-47,-54,-76,-43,-62,-74,-46,-61,-61,-63,-73,-38,-83,-69,-46,-75,-36,-47,-20,-71,-45
2020/4/29,-58,-64,-50,-64,-39,-45,-39,-52,-75,-43,-67,-72,-64,-60,-60,-58,-72,-35,-83,-69,-50,-75,-34,-43,-18,-69,-46
2020/4/30,-60,-64,-46,-65,-34,-44,-33,-48,-75,-39,-67,-71,-47,-61,-57,-60,-69,-34,-79,-67,-46,-74,-35,-49,-15,-69,-47
2020/5/1,-56,-76,-66,-61,-55,-46,-45,-68,-87,-67,-66,-86,-50,-84,-67,-60,-69,-55,-82,-74,-74,-86,-60,-56,-16,-67,-43
2020/5/2,-51,-60,-50,-52,-35,-40,-33,-54,-73,-42,-56,-70,-55,-61,-57,-53,-65,-25,-79,-67,-42,-63,-27,-48,-25,-63,-35
2020/5/3,-52,-55,-54,-54,-38,-35,-29,-52,-76,-37,-59,-76,-58,-60,-58,-46,-76,-34,-81,-69,-56,-64,-30,-38,-21,-64,-40
2020/5/4,-58,-59,-48,-64,-37,-37,-35,-49,-72,-38,-69,-57,-67,-56,-59,-58,-70,-35,-78,-68,-46,-62,-36,-38,-19,-64,-44
2020/5/5,-55,-58,-48,-62,-37,-35,-26,-47,-71,-37,-60,-58,-65,-54,-61,-61,-72,-33,-77,-67,-49,-61,-33,-46,-19,-64,-43
2020/5/6,-55,-55,-48,-60,-33,-35,-24,-48,-69,-35,-59,-58,-69,-52,-61,-52,-68,-32,-76,-66,-47,-61,-31,-39,-17,-62,-43
2020/5/7,-54,-56,-47,-62,-27,-31,-30,-49,-70,-35,-63,-58,-44,-52,-62,-55,-70,-34,-77,-72,-38,-63,-31,-38,-18,-62,-42
2020/5/8,-51,-56,-43,-62,-46,-51,-28,-50,-80,-37,-61,-58,-45,-54,-61,-51,-70,-33,-78,-66,-63,-64,-31,-38,-9,-68,-43
2020/5/9,-46,-46,-40,-55,-19,-27,-16,-42,-70,-28,-52,-52,-51,-62,-56,-39,-64,-22,-75,-64,-29,-64,-17,-32,-20,-62,-35
2020/5/10,-46,-51,-45,-55,-30,-33,-7,-46,-74,-33,-68,-57,-56,-61,-57,-47,-68,-44,-76,-67,-41,-72,-39,-33,-19,-68,-37
2020/5/11,-53,-54,-47,-62,-32,-35,-38,-54,-56,-41,-61,-61,-42,-49,-60,-57,-70,-33,-75,-66,-37,-57,-34,-38,-17,-64,-44
2020/5/12,-52,-50,-48,-61,-24,-36,-25,-48,-51,-35,-59,-56,-43,-43,-60,-55,-70,-34,-75,-64,-39,-60,-34,-33,-19,-62,-41
2020/5/13,-52,-50,-49,-58,-25,-33,-30,-49,-53,-36,-58,-59,-44,-45,-61,-54,-68,-30,-76,-64,-44,-58,-34,-38,-15,-62,-40
2020/5/14,-52,-49,-49,-60,-20,-35,-25,-44,-53,-35,-55,-56,-44,-45,-60,-55,-50,-31,-76,-64,-41,-64,-34,-36,-18,-61,-42
2020/5/15,-50,-45,-48,-59,-20,-39,-26,-48,-52,-35,-59,-58,-44,-45,-58,-51,-48,-32,-79,-64,-49,-64,-33,-35,-11,-60,-40
2020/5/16,-41,-36,-46,-47,2,-37,-23,-51,-43,-28,-49,-53,-55,-35,-53,-46,-32,-30,-72,-62,-31,-59,-26,-27,-25,-58,-34
2020/5/17,-45,-32,-52,-51,-3,-41,-25,-51,-48,-25,-54,-52,-48,-40,-56,-40,-38,-22,-74,-67,-38,-58,-35,-21,-21,-55,-39
2020/5/18,-51,-41,-48,-69,-12,-32,-21,-43,-48,-30,-51,-48,-42,-43,-57,-52,-39,-30,-68,-64,-32,-51,-32,-28,-20,-59,-43
2020/5/19,-51,-39,-48,-57,-11,-26,-18,-44,-47,-30,-43,-50,-43,-40,-58,-51,-42,-26,-69,-63,-33,-51,-30,-25,-23,-57,-40
2020/5/20,-51,-38,-49,-54,-14,-18,-19,-34,-45,-25,-43,-48,-41,-38,-58,-44,-47,-17,-70,-63,-32,-52,-23,-21,-18,-56,-38
2020/5/21,-52,-54,-49,-55,-14,-42,-20,-53,-61,-46,-50,-46,-41,-66,-58,-53,-47,-44,-70,-62,-31,-53,-42,-31,-23,-58,-37
2020/5/22,-49,-49,-47,-54,-17,-44,-15,-41,-54,-40,-56,-46,-41,-48,-58,-54,-45,-36,-72,-64,-33,-53,-35,-29,-21,-59,-36
2020/5/23,-42,-36,-47,-42,-28,-28,-6,-34,-47,-35,-47,-35,-43,-49,-53,-43,-38,-27,-70,-61,-29,-50,-30,-40,-28,-59,-30
2020/5/24,-47,-37,-54,-43,-16,-36,-12,-40,-43,-31,-36,-35,-42,-46,-55,-51,-52,-29,-73,-67,-45,-55,-30,-18,-17,-52,-33
2020/5/25,-50,-40,-52,-55,-19,-27,-14,-35,-46,-31,-45,-45,-35,-36,-56,-49,-48,-24,-72,-72,-34,-44,-28,-26,-16,-60,-48
2020/5/26,-47,-39,-47,-54,-14,-22,-11,-30,-44,-28,-41,-44,-36,-35,-58,-47,-46,-27,-67,-63,-34,-44,-24,-23,-19,-55,-37
2020/5/27,-46,-38,-46,-52,-7,-24,-11,-34,-43,-27,-40,-43,-35,-35,-59,-46,-44,-26,-68,-62,-30,-45,-28,-22,-19,-55,-37
2020/5/28,-45,-39,-45,-54,-17,-22,-16,-36,-44,-27,-41,-43,-34,-34,-58,-49,-40,-24,-68,-61,-33,-44,-26,-25,-22,-55,-37
2020/5/29,-44,-37,-42,-53,-11,-18,-12,-36,-43,-25,-42,-45,-34,-33,-56,-44,-40,-17,-69,-62,-33,-46,-23,-23,-11,-53,-36
2020/5/30,-35,-24,-40,-41,0,-7,-8,-21,-34,-17,-30,-32,-34,-25,-50,-33,-31,-4,-67,-61,-23,-37,-7,-16,-17,-49,-26
2020/5/31,-42,-22,-47,-43,-23,-12,-6,-31,-38,-13,-32,-32,-39,-24,-52,-31,-41,-12,-69,-64,-56,-49,-12,-3,-15,-45,-30
2020/6/1,-48,-51,-43,-51,-6,-35,-13,-27,-55,-42,-44,-37,-26,-60,-52,-52,-56,-31,-59,-62,-22,-42,-22,-29,-17,-51,-36
2020/6/2,-46,-34,-45,-53,-7,-14,-10,-26,-34,-22,-36,-46,-27,-32,-54,-44,-41,-19,-59,-51,-25,-40,-23,-19,-17,-51,-36
2020/6/3,-44,-34,-43,-52,-5,-17,-7,-26,-36,-24,-45,-37,-28,-34,-54,-44,-39,-22,-59,-52,-24,-42,-23,-23,-14,-57,-35
2020/6/4,-44,-41,-42,-50,-10,-18,-18,-33,-40,-31,-47,-44,-28,-38,-55,-53,-41,-26,-59,-52,-25,-44,-25,-32,-16,-56,-35
2020/6/5,-40,-43,-38,-50,-15,-40,-7,-37,-37,-32,-53,-40,-29,-40,-55,-50,-43,-27,-61,-52,-33,-40,-28,-29,-8,-56,-34
2020/6/6,-31,-31,-36,-40,-3,-23,-8,-32,-27,-24,-51,-25,-31,-33,-49,-43,-41,-24,-59,-56,-14,-35,-26,-27,-16,-57,-25
2020/6/7,-40,-29,-45,-39,-14,-21,1,-29,-32,-27,-44,-36,-32,-35,-51,-45,-46,-34,-62,-60,-33,-49,-21,-40,-19,-51,-28
2020/6/8,-55,-36,-39,-51,-11,-21,-9,-35,-36,-26,-40,-42,-26,-33,-53,-48,-41,-24,-56,-52,-25,-40,-24,-24,-18,-54,-34
2020/6/9,-44,-34,-41,-52,-8,-18,-7,-30,-35,-27,-44,-38,-26,-33,-55,-47,-41,-22,-56,-52,-23,-40,-21,-24,-16,-53,-34
2020/6/10,-45,-33,-38,-51,-12,-19,0,-26,-34,-24,-46,-39,-26,-33,-54,-45,-38,-21,-58,-53,-26,-38,-21,-24,-13,-58,-33
2020/6/11,-42,-33,-51,-50,-6,-21,-5,-30,-35,-40,-50,-39,-28,-29,-54,-48,-38,-18,-56,-51,-20,-42,-23,-25,-15,-58,-33
2020/6/12,-40,-31,-37,-49,-4,-21,-6,-31,-34,-25,-48,-34,-27,-32,-53,-40,-36,-12,-65,-52,-23,-40,-23,-17,-9,-57,-30
2020/6/13,-33,-18,-38,-36,4,-14,3,-19,-25,-21,-33,-26,-35,-26,-47,-31,-33,-1,-58,-57,-10,-32,-4,-22,-13,-49,-20
2020/6/14,-40,-20,-47,-37,-14,-13,6,-24,-26,-26,-32,-23,-36,-32,-49,-38,-33,-8,-60,-60,-28,-39,-11,-32,-15,-46,-23
2020/6/15,-42,-29,-40,-49,-6,-14,-3,-27,-32,-24,-35,-36,-23,-26,-49,-45,-34,-13,-54,-52,-17,-36,-23,-21,-14,-50,-32
2020/6/16,-41,-29,-40,-47,-1,-12,-3,-27,-28,-22,-36,-34,-23,-25,-50,-46,-36,-13,-53,-52,-16,-37,-26,-17,-14,-51,-31
2020/6/17,-41,-33,-40,-47,0,-12,5,-24,-30,-22,-37,-34,-23,-30,-51,-42,-33,-13,-55,-52,-17,-35,-23,-23,-13,-52,-31
2020/6/18,-40,-31,-40,-47,-10,-16,0,-26,-30,-23,-44,-33,-25,-27,-51,-46,-38,-12,-59,-49,-21,-36,-19,-20,-16,-56,-31
2020/6/19,-36,-27,-37,-45,-10,-20,2,-52,-27,-23,-43,-31,-26,-24,-50,-39,-34,-9,-62,-40,-22,-36,-42,-21,-14,-52,-28
2020/6/20,-30,-15,-34,-34,-12,-16,6,-46,-18,-18,-29,-16,-21,-17,-44,-28,-35,-3,-57,-39,-21,-30,-22,-13,-13,-43,-20
2020/6/21,-40,-20,-42,-35,-6,-16,11,-31,-18,-11,-30,-16,-24,-15,-47,-30,-42,-21,-60,-43,-23,-35,-19,-8,-15,-44,-23
2020/6/22,-43,-27,-38,-47,-4,-16,7,-29,-26,-21,-44,-31,-22,-31,-51,-42,-32,-18,-56,-41,-15,-31,-27,-17,-14,-49,-32
2020/6/23,-41,-23,-38,-48,1,-10,-11,-27,-24,-19,-41,-29,-20,-58,-52,-40,-34,-12,-55,-42,-10,-28,-21,-11,-12,-48,-30
2020/6/24,-40,-24,-40,-49,-2,-10,-20,-26,-26,-19,-34,-30,-21,-24,-51,-37,-32,-12,-58,-40,-11,-40,-21,-12,2,-47,-30
2020/6/25,-39,-25,-39,-44,-1,-11,-1,-28,-25,-21,-33,-29,-20,-23,-52,-40,-36,-13,-57,-38,-11,-32,-20,-12,-12,-47,-29
2020/6/26,-36,-25,-38,-42,-2,-14,-4,-30,-23,-21,-39,-27,-21,-24,-51,-37,-33,-10,-59,-37,-17,-32,-20,-14,-14,-48,-28
2020/6/27,-30,-16,-42,-31,8,1,4,-16,-16,-16,-34,-15,-20,-13,-44,-33,-34,4,-57,-32,-7,-29,1,-8,-12,-49,-20
2020/6/28,-37,-16,-47,-32,0,-15,9,-21,-15,-18,-39,-14,-28,-14,-46,-30,-43,-20,-62,-39,-7,-34,-15,-14,-13,-46,-22
2020/6/29,-42,-25,-40,-46,-11,-17,-7,-31,-25,-22,-38,-31,-19,-23,-48,-44,-33,-20,-55,-38,-13,-30,-26,-17,-13,-50,-31
2020/6/30,-41,-26,-38,-44,2,-17,-15,-35,-22,-20,-36,-29,-21,-21,-48,-45,-33,-22,-55,-39,-1,-29,-30,-8,-14,-50,-30
2020/7/1,-41,-27,-38,-55,-5,-14,-8,-29,-23,-21,-38,-28,-21,-18,-47,-39,-33,-18,-57,-38,-14,-29,-27,-13,-15,-49,-27
2020/7/2,-41,-27,-37,-46,-12,-15,-6,-29,-21,-21,-34,-28,-19,-20,-47,-40,-32,-21,-58,-37,-17,-29,-26,-16,-18,-49,-24
2020/7/3,-38,-24,-34,-45,-10,-18,0,-29,-18,-20,-39,-29,-21,-14,-47,-35,-29,-22,-59,-35,-18,-29,-26,-15,-11,-49,-30
2020/7/4,-32,-15,-31,-31,5,-11,-2,-26,-7,-12,-24,-15,-27,-4,-43,-36,-27,0,-59,-32,-2,-26,-17,-6,-15,-41,-30
2020/7/5,-36,-16,-41,-30,-2,-15,0,-25,-8,-12,-29,-12,-28,-9,-44,-33,-38,-24,-62,-38,-10,-30,-28,0,-15,-37,-23
2020/7/6,-45,-28,-35,-45,-37,-21,-3,-29,-20,-22,-34,-27,-22,-17,-46,-42,-33,-23,-56,-41,-13,-27,-33,-17,-13,-43,-30
2020/7/7,-42,-24,-34,-46,-9,-18,0,-30,-17,-20,-39,-26,-22,-15,-48,-39,-33,-23,-56,-38,-12,-26,-29,-10,-13,-45,-29
2020/7/8,-41,-32,-34,-46,-13,-16,0,-28,-18,-23,-38,-26,-22,-18,-48,-40,-36,-21,-58,-38,-14,-27,-30,-12,-12,-47,-30
2020/7/9,-43,-29,-35,-45,-11,-16,-1,-32,-18,-23,-33,-26,-21,-17,-48,-43,-31,-21,-58,-34,-15,-27,-27,-14,-14,-46,-30
2020/7/10,-41,-27,-31,-44,-11,-24,-3,-30,-14,-23,-31,-25,-22,-14,-47,-37,-30,-21,-59,-48,-17,-29,-30,-18,-8,-40,-31
2020/7/11,-38,-9,-30,-37,-8,2,-3,-28,2,-11,-13,-15,-27,4,-41,-24,-29,-1,-57,-35,-13,-27,-8,-17,-12,-32,-21
2020/7/12,-40,-3,-38,-31,5,-7,14,-20,-4,-4,-19,-9,-27,5,-43,-19,-32,-8,-61,-39,-4,-31,-14,0,-11,-27,-23
2020/7/13,-45,-25,-34,-46,-8,-16,0,-32,-24,-20,-33,-25,-20,-15,-46,-37,-29,-19,-58,-39,-13,-27,-29,-15,-13,-42,-31
2020/7/14,-46,-32,-37,-46,-5,-19,5,-28,-39,-21,-36,-25,-22,-16,-47,-43,-31,-27,-56,-38,-12,-27,-32,-13,-11,-43,-31
2020/7/15,-44,-30,-36,-45,-7,-20,5,-27,-17,-23,-35,-27,-20,-20,-45,-36,-31,-20,-57,-37,-13,-28,-32,-22,-11,-47,-31
2020/7/16,-43,-35,-35,-47,-13,-17,3,-29,-20,-24,-36,-25,-20,-24,-45,-43,-32,-20,-57,-35,-17,-30,-27,-23,-12,-45,-31
2020/7/17,-41,-29,-32,-44,-11,-19,1,-31,-17,-21,-38,-25,-22,-17,-45,-36,-31,-22,-59,-34,-19,-31,-25,-21,-8,-41,-29
2020/7/18,-35,-12,-30,-29,1,8,12,-17,0,-6,-22,-10,-26,1,-39,-20,-26,-8,-57,-30,-10,-29,0,-9,-10,-35,-21
2020/7/19,-39,-10,-37,-34,2,-5,18,-19,-1,-3,-18,-6,-28,7,-41,-22,-32,-12,-61,-36,-5,-33,-9,0,-9,-32,-24
2020/7/20,-45,-33,-33,-45,-10,-18,-1,-29,-19,-22,-33,-25,-20,-20,-45,-40,-26,-18,-56,-39,-12,-30,-31,-15,-11,-42,-32
2020/7/21,-43,-43,-34,-46,-9,-17,-2,-32,-20,-21,-31,-25,-19,-19,-46,-39,-29,-22,-57,-39,-13,-30,-30,-18,-12,-43,-32
2020/7/22,-43,-30,-33,-47,-6,-18,-3,-31,-20,-21,-36,-26,-16,-21,-46,-37,-28,-20,-58,-39,-13,-31,-28,-20,-10,-44,-32
2020/7/23,-43,-32,-33,-46,-9,-22,-5,-35,-20,-21,-37,-25,-39,-21,-46,-41,-26,-21,-59,-37,-13,-31,-30,-18,-12,-45,-31
2020/7/24,-41,-35,-30,-44,-11,-28,-10,-37,-17,-22,-38,-26,-42,-14,-46,-39,-26,-20,-60,-36,-19,-33,-32,-22,-8,-40,-30
2020/7/25,-39,-24,-28,-29,7,5,2,-24,-1,-8,-24,-8,-28,9,-40,-30,-26,5,-57,-29,-4,-30,1,-8,-10,-37,-21
2020/7/26,-49,-18,-37,-31,0,-13,14,-17,-2,-10,-23,-5,-29,15,-43,-21,-30,-19,-61,-37,-1,-33,-14,-8,-9,-30,-24
2020/7/27,-47,-36,-33,-47,-11,-20,0,-30,-21,-22,-37,-23,-20,-17,-47,-45,-22,-22,-57,-37,-12,-31,-27,-15,-12,-46,-32
2020/7/28,-44,-37,-33,-47,-12,-18,-6,-33,-21,-22,-32,-24,-21,-18,-46,-43,-26,-29,-57,-35,-12,-32,-32,-18,-13,-42,-32
2020/7/29,-42,-35,-35,-45,-8,-24,-5,-33,-19,-20,-37,-24,-22,-16,-46,-39,-24,-26,-59,-35,-14,-32,-32,-17,-10,-41,-31
2020/7/30,-43,-36,-35,-45,-12,-22,-7,-34,-20,-21,-36,-25,-22,-18,-45,-40,-22,-22,-57,-30,-14,-32,-33,-18,-12,-41,-31
2020/7/31,-41,-38,-29,-41,-13,-17,-4,-32,-19,-20,-35,-23,-23,-18,-43,-37,-24,-18,-65,-45,-17,-34,-27,-18,-8,-37,-28
2020/8/1,-37,-24,-26,-28,4,12,7,-15,2,-6,-21,-10,-26,-2,-36,-25,-25,4,-59,-30,2,-31,4,-15,-10,-30,-20
2020/8/2,-41,-17,-34,-36,-5,-5,12,-24,3,-7,-19,-9,-29,15,-38,-20,-34,-14,-60,-36,2,-33,-12,-20,-11,-27,-24
2020/8/3,-46,-38,-30,-54,-21,-16,-6,-28,-21,-21,-39,-26,-22,-26,-42,-45,-22,-20,-50,-36,-14,-31,-27,-26,-20,-39,-31
2020/8/4,-46,-34,-30,-48,-17,-14,-10,-28,-21,-20,-34,-24,-22,-25,-43,-40,-23,-19,-65,-35,-16,-32,-25,-21,-16,-42,-33
2020/8/5,-45,-33,-29,-43,-7,-17,2,-25,-21,-19,-36,-24,-23,-26,-43,-38,-21,-28,-66,-34,-16,-34,-30,-14,-11,-43,-30
2020/8/6,-46,-37,-27,-44,-10,-14,-3,-29,-22,-21,-34,-23,-23,-26,-44,-42,-21,-20,-66,-33,-12,-34,-26,-15,-12,-42,-30
2020/8/7,-47,-37,-23,-43,-13,-16,-1,-28,-20,-22,-35,-22,-24,-24,-43,-41,-22,-17,-69,-30,-16,-37,-24,-16,-6,-39,-29
2020/8/8,-44,-26,-18,-29,2,7,11,-15,2,-10,-18,-5,-25,-8,-38,-28,-21,0,-66,-27,1,-33,2,-8,-12,-31,-20
2020/8/9,-51,-24,-27,-30,-1,-2,17,-19,0,-7,-22,-1,-23,2,-39,-23,-30,-4,-69,-30,2,-34,-7,-4,-7,-27,-22
2020/8/10,-49,-38,-28,-46,-15,-14,1,-26,-23,-22,-39,-22,-42,-29,-42,-44,-20,-18,-65,-46,-13,-34,-25,-16,-13,-40,-32
2020/8/11,-47,-38,-29,-47,-11,-13,-2,-28,-26,-22,-33,-24,-28,-31,-43,-45,-25,-18,-64,-35,-12,-37,-24,-13,-16,-41,-31
2020/8/12,-47,-37,-29,-44,-9,-13,-1,-27,-26,-20,-34,-25,-29,-31,-44,-42,-43,-17,-66,-34,-12,-37,-24,-15,-10,-42,-32
2020/8/13,-45,-39,-29,-44,-12,-14,-9,-27,-25,-21,-39,-24,-32,-30,-43,-47,-51,-22,-66,-32,-14,-36,-24,-19,-12,-43,-31
2020/8/14,-47,-35,-25,-42,-13,-13,-5,-29,-21,-20,-38,-24,-34,-25,-41,-41,-53,-19,-66,-32,-14,-38,-24,-18,-7,-39,-29
2020/8/15,-42,-28,-25,-28,8,3,6,-20,-3,-10,-23,-17,-29,-13,-33,-26,-48,-4,-64,-27,4,-36,1,-6,-9,-33,-21
2020/8/16,-46,-21,-36,-30,8,-4,13,-21,0,-4,-31,0,-30,5,-33,-25,-54,-9,-67,-34,5,-34,-8,-6,-5,-32,-24
2020/8/17,-48,-35,-30,-47,-10,-13,-3,-27,-22,-19,-44,-22,-26,-29,-41,-42,-50,-17,-64,-36,-14,-35,-24,-16,-10,-41,-32
2020/8/18,-47,-34,-32,-46,-11,-15,1,-27,-24,-19,-36,-24,-25,-32,-42,-40,-53,-18,-63,-35,-14,-36,-21,-13,-11,-41,-32
2020/8/19,-47,-33,-30,-44,-8,-16,7,-26,-25,-17,-44,-25,-25,-31,-42,-37,-55,-20,-59,-34,-16,-39,-22,-11,-11,-44,-32
2020/8/20,-47,-35,-31,-44,-10,-19,-11,-28,-25,-20,-46,-25,-26,-31,-42,-41,-53,-22,-57,-32,-12,-38,-23,-12,-14,-40,-31
2020/8/21,-44,-33,-32,-43,-12,-16,-8,-26,-22,-20,-41,-26,-27,-28,-41,-36,-53,-25,-65,-31,-15,-40,-22,-11,-8,-40,-29
2020/8/22,-43,-21,-30,-28,2,-7,-9,-29,-1,-13,-31,-9,-28,-7,-34,-29,-47,-18,-60,-28,1,-35,-11,-15,-14,-32,-21
2020/8/23,-46,-23,-35,-30,6,-14,3,-23,0,-6,-29,-5,-31,2,-34,-27,-58,-21,-61,-36,-1,-36,-19,-8,-11,-29,-23
2020/8/24,-48,-34,-28,-46,-8,-17,-6,-30,-22,-20,-40,-26,-24,-27,-42,-39,-51,-23,-56,-34,-12,-36,-24,-12,-13,-38,-33
2020/8/25,-47,-33,-28,-45,-4,-16,-4,-29,-22,-19,-46,-26,-22,-25,-43,-40,-53,-22,-56,-34,-11,-36,-20,-8,-12,-45,-33
2020/8/26,-45,-33,-28,-44,-6,-19,-1,-27,-21,-22,-35,-27,-23,-28,-43,-39,-51,-23,-57,-33,-12,-38,-23,-9,-14,-38,-32
2020/8/27,-45,-31,-27,-43,-7,-18,-7,-27,-21,-17,-42,-27,-24,-24,-43,-37,-52,-23,-58,-31,-13,-38,-22,-11,-19,-42,-32
2020/8/28,-42,-30,-23,-41,-8,-18,-6,-27,-20,-18,-40,-27,-25,-23,-41,-36,-50,-19,-59,-29,-14,-40,-21,-17,-12,-37,-30
2020/8/29,-37,-18,-20,-33,2,-11,0,-20,-7,-8,-25,-17,-26,-1,-33,-28,-48,-13,-55,-26,-12,-38,-15,-23,-15,-29,-23
2020/8/30,-43,-23,-26,-28,-4,-12,1,-27,-7,-12,-24,-11,-29,5,-32,-29,-54,-17,-58,-31,1,-35,-17,-32,-16,-23,-22
2020/8/31,-47,-29,-27,-42,-7,-12,-5,-27,-18,-15,-36,-28,-23,-24,-40,-35,-35,-21,-63,-33,-14,-32,-24,-14,-17,-43,-32
2020/9/1,-45,-21,-27,-42,-1,-10,2,-23,-15,-14,-34,-23,-22,-24,-40,-32,-40,-19,-54,-32,-57,-30,-20,-11,-15,-37,-31
2020/9/2,-45,-19,-25,-44,4,-14,-1,-25,-15,-14,-40,-26,-25,-23,-41,-29,-40,-21,-57,-33,-3,-31,-24,-12,-16,-41,-32
2020/9/3,-44,-22,-23,-41,1,-15,-5,-29,-13,-17,-38,-24,-24,-22,-41,-38,-37,-25,-58,-30,-2,-31,-25,-12,-16,-40,-28
2020/9/4,-43,-19,-17,-39,4,-14,-2,-29,-9,-14,-37,-23,-24,-20,-41,-31,-37,-22,-60,-33,-2,-32,-23,-9,-10,-35,-25
2020/9/5,-37,-15,-12,-28,9,-10,-4,-26,-6,-9,-27,-10,-27,-3,-34,-26,-37,-17,-57,-29,-3,-30,-12,-6,-14,-30,-18
2020/9/6,-43,-11,-23,-28,1,-14,1,-28,-5,-4,-27,-4,-35,-1,-35,-23,-47,-21,-58,-32,-8,-33,-20,-18,-12,-27,-24
2020/9/7,-46,-18,-49,-60,1,-15,-5,-27,-10,-14,-39,-24,-29,-21,-40,-33,-35,-25,-57,-35,-3,-30,-24,-14,-13,-36,-40
2020/9/8,-45,-18,-22,-44,5,-16,-5,-30,-9,-12,-36,-21,-21,-18,-42,-35,-36,-24,-55,-35,1,-30,-25,-8,-13,-35,-31
2020/9/9,-46,-17,-23,-44,3,-22,-6,-28,-12,-13,-36,-22,-22,-21,-42,-34,-37,-27,-58,-35,-3,-30,-28,-9,-12,-36,-32
2020/9/10,-43,-17,-21,-43,-2,-17,-7,-27,-10,-13,-38,-21,-20,-19,-41,-34,-37,-25,-58,-33,-4,-27,-23,-13,-13,-36,-32
2020/9/11,-41,-15,-18,-41,2,-16,-5,-26,-6,-11,-37,-20,-21,-16,-40,-28,-35,-23,-59,-32,-1,-33,-22,-11,-7,-32,-30
2020/9/12,-37,-9,-15,-29,11,-13,-6,-27,-4,-3,-25,-7,-25,4,-32,-24,-30,-18,-55,-27,1,-28,-17,-7,-13,-28,-22
2020/9/13,-41,-4,-22,-36,6,-16,2,-21,-1,4,-23,-4,-25,6,-32,-17,-41,-23,-57,-35,-3,-31,-21,0,-9,-24,-25
2020/9/14,-44,-14,-23,-45,-1,-15,-3,-25,-11,-12,-36,-18,-19,-18,-37,-30,-31,-22,-57,-34,-8,-26,-23,-10,-13,-32,-33
2020/9/15,-43,-15,-24,-45,2,-14,-3,-25,-10,-10,-32,-16,-17,-12,-40,-31,-36,-22,-55,-32,-38,-26,-20,-7,-13,-34,-32
2020/9/16,-42,-14,-24,-43,1,-18,-1,-28,-11,-11,-35,-16,-18,-16,-62,-31,-34,-24,-55,-33,-1,-27,-24,-10,-12,-35,-32
2020/9/17,-43,-18,-23,-44,-4,-18,-18,-32,-13,-12,-37,-16,-19,-12,-41,-36,-34,-23,-57,-31,-5,-28,-24,-12,-13,-35,-32
2020/9/18,-41,-15,-20,-43,0,-17,-8,-26,-8,-11,-35,-15,-19,-11,-41,-30,-35,-20,-58,-30,-4,-30,-20,-11,-5,-32,-30
2020/9/19,-36,-10,-16,-33,8,-13,-4,-20,-10,-4,-33,-7,-12,4,-33,-25,-32,-12,-54,-25,-3,-31,-7,-11,-8,-29,-21
2020/9/20,-44,2,-28,-33,6,-16,-3,-22,-7,2,-32,-4,-7,2,-32,-18,-36,-20,-56,-32,0,-33,-19,-9,-8,-26,-24
2020/9/21,-44,-15,-26,-46,-2,-19,-9,-27,-11,-12,-37,-19,-25,-13,-39,-33,-26,-29,-56,-33,0,-27,-24,-15,-11,-34,-33
2020/9/22,-44,-14,-29,-46,1,-19,-6,-27,-11,-11,-41,-19,-34,-10,-41,-33,-30,-30,-55,-31,0,-24,-23,-10,-10,-36,-34
2020/9/23,-44,-16,-25,-47,0,-21,-4,-27,-13,-12,-40,-17,-18,-13,-42,-35,-30,-34,-57,-31,-4,-25,-25,-12,-8,-40,-33
2020/9/24,-44,-19,-23,-46,-3,-23,-6,-27,-14,-14,-45,-17,-22,-14,-42,-38,-30,-35,-58,-30,-5,-29,-26,-15,-12,-41,-33
2020/9/25,-44,-19,-20,-45,-12,-27,-8,-29,-12,-16,-41,-19,-19,-17,-40,-35,-27,-29,-59,-28,-12,-27,-24,-16,-9,-37,-31
2020/9/26,-39,-25,-17,-35,-25,-22,-4,-23,-17,-21,-30,-10,-20,-13,-32,-31,-25,-35,-54,-24,-20,-29,-16,-22,-8,-34,-23
2020/9/27,-40,-24,-22,-36,-12,-20,-1,-23,-20,-15,-33,-17,-20,-18,-32,-32,-39,-31,-55,-30,-10,-33,-20,-20,-16,-32,-25
2020/9/28,-49,-23,-25,-47,-50,-24,-10,-28,-15,-15,-41,-19,-15,-20,-40,-39,-28,-36,-55,-32,-10,-23,-26,-14,-12,-38,-35
2020/9/29,-46,-16,-23,-48,-3,-21,-8,-30,-13,-24,-39,-14,-16,-14,-42,-39,-33,-40,-55,-31,-8,-22,-25,-14,-7,-38,-35
2020/9/30,-46,-14,-21,-47,-1,-20,-6,-28,-12,-10,-44,-13,-16,-16,-38,-39,-29,-39,-54,-30,-11,-22,-25,-9,12,-40,-33
2020/10/1,-44,-19,-19,-47,-6,-22,-7,-29,-13,-12,-43,-14,-18,-16,-37,-44,-30,-35,-55,-29,-14,-22,-27,-15,-5,-39,-31
2020/10/2,-41,-16,-10,-46,-2,-23,-8,-30,-13,-10,-39,-16,-19,-17,-35,-38,-31,-28,-56,-27,-13,-24,-24,-17,-12,-37,-29
2020/10/3,-33,-17,-6,-36,1,-19,-6,-26,-15,-22,-34,-10,-17,-13,-27,-39,-24,-22,-52,-23,-15,-25,-16,-19,-8,-40,-20
2020/10/4,-35,-19,-16,-41,-4,-22,-15,-32,-17,-5,-51,-10,-18,-22,-25,-37,-29,-31,-52,-28,-15,-32,-29,-14,-1,-38,-24
2020/10/5,-55,-18,-13,-47,-13,-20,-1,-29,-13,-13,-41,-14,-17,-20,-36,-42,-25,-25,-54,-31,-13,-18,-25,-18,-9,-37,-32
2020/10/6,-45,-17,-12,-47,-9,-21,-3,-32,-12,-14,-40,-13,-16,-16,-38,-43,-31,-29,-53,-30,-11,-18,-28,-16,-9,-38,-32
2020/10/7,-45,-16,-12,-49,-9,-23,-2,-30,-13,-16,-44,-15,-17,-17,-40,-41,-31,-30,-56,-30,-16,-21,-27,-18,-7,-38,-33
2020/10/8,-46,-20,-12,-47,-12,-24,-5,-33,-13,-21,-45,-14,-20,-17,-39,-46,-30,-32,-56,-28,-16,-20,-28,-15,2,-41,-31
2020/10/9,-42,-20,-11,-46,-12,-21,-9,-35,-11,-19,-45,-13,-21,-20,-38,-39,-31,-29,-57,-28,-15,-21,-26,-16,-9,-37,-29
2020/10/10,-35,-20,-1,-39,-22,-17,-6,-31,-15,-15,-40,-7,-30,-8,-29,-41,-27,-28,-53,-22,-18,-27,-20,-26,-11,-37,-22
2020/10/11,-39,-25,-12,-43,-22,-20,-6,-36,-19,-16,-42,-25,-18,-15,-29,-40,-30,-22,-57,-28,-31,-31,-24,-22,-6,-33,-25
2020/10/12,-43,-20,-40,-66,-22,-28,-8,-37,-15,-21,-45,-19,-17,-19,-38,-44,-25,-26,-55,-31,-30,-46,-27,-19,-9,-40,-36
2020/10/13,-42,-22,-11,-49,-22,-25,-6,-36,-15,-20,-44,-16,-16,-14,-38,-45,-30,-27,-53,-30,-35,-19,-26,-16,-10,-41,-33
2020/10/14,-41,-19,-12,-47,-36,-29,-6,-35,-15,-23,-44,-19,-16,-17,-36,-45,-27,-28,-57,-29,-35,-22,-29,-17,-6,-40,-31
2020/10/15,-40,-21,-12,-49,-30,-28,-10,-36,-14,-25,-45,-24,-15,-16,-34,-50,-28,-28,-53,-28,-31,-21,-28,-23,-9,-40,-30
2020/10/16,-38,-19,-10,-48,-34,-31,-11,-39,-10,-23,-46,-19,-16,-16,-33,-45,-27,-26,-53,-27,-36,-21,-27,-23,-2,-37,-30
2020/10/17,-34,-18,-4,-38,-32,-16,-9,-34,-13,-18,-43,-14,-20,-9,-24,-43,-28,-26,-49,-22,-33,-24,-18,-24,-5,-40,-20
2020/10/18,-41,-22,-11,-43,-29,-21,-16,-35,-10,-20,-43,-15,-11,-16,-23,-43,-33,-27,-52,-28,-33,-30,-28,-20,-2,-38,-23
2020/10/19,-41,-24,-16,-51,-31,-22,-17,-35,-21,-24,-48,-21,-16,-17,-35,-49,-26,-28,-53,-31,-30,-21,-28,-18,-10,-41,-33
2020/10/20,-40,-28,-12,-49,-29,-22,-13,-35,-22,-26,-44,-21,-15,-12,-36,-50,-29,-32,-55,-31,-29,-25,-30,-18,-9,-41,-32
2020/10/21,-38,-26,-11,-49,-26,-25,-14,-35,-21,-23,-40,-22,-15,-16,-36,-49,-27,-31,-56,-29,-30,-24,-29,-20,-8,-44,-32
2020/10/22,-38,-27,-10,-47,-36,-23,-19,-37,-21,-22,-54,-22,-17,-15,-36,-49,-23,-30,-54,-27,-28,-24,-30,-24,-12,-42,-31
2020/10/23,-39,-25,-7,-46,-39,-24,-21,-37,-21,-26,-54,-28,-18,-19,-34,-45,-25,-27,-56,-26,-23,-21,-26,-29,-3,-41,-30
2020/10/24,-38,-29,-4,-39,-31,-23,-14,-34,-17,-21,-61,-25,-11,-14,-25,-43,-25,-28,-51,-21,-56,-26,-20,-25,-4,-44,-23
2020/10/25,-43,-34,-13,-42,-29,-31,-10,-35,-20,-20,-59,-26,-9,-29,-24,-45,-34,-35,-55,-27,-57,-37,-28,-15,-4,-39,-27
2020/10/26,-44,-31,-12,-50,-37,-27,-12,-34,-26,-23,-68,-32,-15,-21,-34,-46,-47,-29,-59,-30,-46,-23,-32,-28,-8,-44,-34
2020/10/27,-40,-32,-11,-49,-35,-25,-10,-34,-25,-20,-56,-29,-15,-18,-36,-47,-28,-32,-51,-29,-47,-22,-31,-21,-8,-47,-33
2020/10/28,-38,-36,-12,-47,-56,-27,-9,-33,-24,-21,-58,-30,-16,-22,-36,-46,-26,-33,-52,-28,-47,-24,-34,-24,-9,-45,-34
2020/10/29,-39,-39,-12,-49,-45,-28,-11,-34,-13,-24,-61,-32,-16,-20,-35,-49,-26,-33,-52,-27,-50,-23,-34,-28,-13,-48,-35
2020/10/30,-35,-35,-13,-47,-47,-29,-14,-35,-48,-24,-56,-31,-17,-25,-32,-45,-26,-34,-53,-25,-54,-26,-36,-25,-4,-43,-32
2020/10/31,-31,-25,-7,-35,-38,-28,-12,-34,-52,-24,-58,-27,-11,-17,-25,-41,-26,-31,-48,-22,-40,-32,-23,-27,-7,-44,-23
2020/11/1,-39,-39,-17,-44,-50,-30,-14,-38,-49,-28,-66,-33,-12,-39,-28,-47,-29,-41,-70,-25,-55,-37,-34,-34,-6,-40,-29
2020/11/2,-40,-58,-46,-51,-38,-29,-14,-37,-42,-24,-55,-36,-17,-36,-45,-47,-23,-35,-65,-31,-44,-38,-36,-24,-14,-40,-35
2020/11/3,-41,-53,-11,-51,-38,-27,-11,-34,-42,-26,-52,-35,-36,-31,-35,-47,-29,-34,-51,-29,-40,-26,-33,-28,-15,-39,-34
2020/11/4,-40,-49,-12,-49,-39,-30,-15,-35,-44,-27,-53,-35,-16,-32,-36,-45,-28,-38,-54,-29,-44,-30,-36,-30,-12,-36,-36
2020/11/5,-42,-51,-11,-49,-39,-31,-15,-36,-43,-28,-55,-37,-17,-32,-37,-50,-30,-39,-54,-27,-41,-30,-37,-31,-13,-52,-34
2020/11/6,-37,-50,-7,-47,-40,-32,-15,-35,-44,-31,-53,-45,-18,-34,-36,-46,-28,-39,-56,-26,-42,-30,-36,-29,-6,-52,-33
2020/11/7,-32,-38,1,-39,-35,-33,-15,-35,-59,-33,-57,-43,-19,-21,-30,-43,-30,-42,-53,-22,-34,-39,-34,-31,-9,-58,-27
2020/11/8,-36,-37,-6,-41,-44,-32,-11,-34,-61,-33,-59,-46,-15,-30,-28,-43,-37,-41,-52,-25,-36,-37,-35,-30,-7,-57,-29
2020/11/9,-41,-50,-11,-51,-40,-32,-18,-36,-42,-27,-54,-45,-17,-26,-35,-47,-25,-41,-53,-30,-38,-32,-38,-27,-13,-50,-36
2020/11/10,-39,-51,-11,-49,-38,-29,-14,-35,-40,-26,-52,-43,-16,-23,-36,-47,-32,-41,-51,-30,-36,-26,-37,-26,-13,-49,-35
2020/11/11,-38,-59,-12,-55,-38,-32,-15,-35,-72,-27,-58,-45,-17,-26,-36,-45,-29,-42,-56,-28,-38,-27,-38,-27,-9,-51,-39
2020/11/12,-38,-50,-11,-51,-39,-31,-19,-36,-41,-28,-54,-45,-17,-24,-35,-49,-25,-42,-73,-26,-38,-27,-40,-27,-13,-50,-37
2020/11/13,-36,-50,-7,-50,-36,-32,-22,-36,-43,-28,-54,-45,-18,-25,-31,-46,-35,-42,-57,-25,-36,-28,-40,-27,-4,-50,-35
2020/11/14,-29,-38,0,-43,-30,-33,-22,-35,-55,-32,-59,-45,-14,-16,-21,-47,-28,-41,-48,-28,-30,-37,-36,-26,-6,-59,-29
2020/11/15,-35,-50,26,-50,-40,-34,-21,-38,-61,-32,-62,-57,-13,-35,-22,-51,-32,-50,-49,-28,-37,-40,-41,-25,1,-57,-32
2020/11/16,-40,-41,-13,-54,-39,-32,-24,-37,-41,-28,-56,-50,-17,-28,-44,-48,-26,-42,-50,-32,-33,-27,-40,-29,-9,-50,-37
2020/11/17,-39,-40,-14,-53,-49,-29,-22,-37,-40,-27,-52,-47,-17,-23,-34,-48,-30,-43,-49,-30,-54,-26,-40,-25,-10,-50,-37
2020/11/18,-37,-35,-16,-53,-31,-32,-21,-35,-42,-28,-54,-47,-17,-23,-35,-44,-30,-45,-51,-29,-29,-27,-40,-24,-8,-51,-37
2020/11/19,-40,-42,-14,-52,-37,-33,-27,-39,-43,-30,-54,-47,-18,-25,-35,-50,-26,-46,-51,-27,-33,-27,-43,-32,-11,-51,-36
2020/11/20,-37,-39,-18,-50,-35,-30,-27,-37,-43,-31,-54,-49,-19,-25,-33,-44,-25,-42,-52,-27,-32,-27,-41,-30,-2,-51,-33
2020/11/21,-31,-41,-5,-43,-31,-37,-28,-40,-55,-39,-55,-50,-15,-19,-26,-46,-26,-47,-46,-23,-24,-32,-47,-32,-7,-56,-26
2020/11/22,-37,-45,-10,-50,-37,-35,-27,-40,-59,-41,-56,-56,-12,-33,-24,-44,-34,-50,-48,-27,-30,-36,-43,-31,-1,-53,-32
2020/11/23,-41,-39,-13,-55,-35,-31,-24,-38,-42,-29,-54,-47,-38,-28,-34,-46,-24,-42,-51,-31,-32,-27,-41,-28,-12,-50,-37
2020/11/24,-38,-38,-13,-55,-33,-30,-22,-38,-41,-28,-54,-46,-17,-24,-35,-47,-31,-43,-49,-30,-30,-26,-42,-26,-12,-50,-33
2020/11/25,-36,-37,-13,-54,-31,-31,-24,-39,-42,-28,-51,-46,-18,-26,-35,-45,-31,-45,-50,-29,-30,-28,-41,-26,-10,-51,-30
2020/11/26,-36,-39,-13,-53,-33,-30,-26,-38,-41,-29,-53,-45,-18,-27,-35,-48,-27,-43,-49,-27,-31,-29,-40,-27,-11,-51,-60
2020/11/27,-32,-38,-8,-51,-33,-29,-28,-40,-42,-29,-52,-46,-20,-28,-33,-43,-23,-42,-50,-26,-31,-30,-39,-25,-4,-50,-47
2020/11/28,-28,-33,-2,-45,-33,-33,-29,-41,-39,-37,-54,-48,-21,-25,-23,-44,-25,-45,-42,-20,-24,-32,-38,-30,-10,-55,-32
2020/11/29,-35,-39,4,-48,-34,-35,-23,-45,-47,-42,-56,-52,-24,-36,-21,-45,-33,-51,-43,-24,-26,-34,-43,-37,-7,-54,-28
2020/11/30,-37,-41,-13,-55,-27,-30,-25,-40,-36,-27,-53,-43,-19,-29,-32,-48,-26,-44,-53,-29,-28,-24,-41,-27,-13,-49,-39
2020/12/1,-37,-36,-12,-55,-26,-27,-23,-41,-34,-26,-41,-44,-19,-27,-32,-46,-31,-41,-41,-29,-29,-23,-39,-24,-14,-48,-36
2020/12/2,-35,-34,-12,-53,-27,-31,-23,-42,-36,-27,-42,-48,-21,-27,-33,-45,-28,-44,-47,-28,-30,-25,-41,-27,-11,-45,-38
2020/12/3,-34,-37,-11,-53,-19,-31,-27,-44,-36,-29,-44,-44,-21,-29,-33,-49,-25,-45,-46,-27,-30,-24,-42,-26,-15,-46,-37
2020/12/4,-30,-33,-7,-53,-19,-32,-28,-45,-35,-30,-43,-45,-21,-29,-32,-44,-26,-42,-49,-26,-29,-28,-43,-28,-5,-44,-38
2020/12/5,-26,-32,-2,-45,-11,-32,-26,-45,-37,-35,-34,-48,-24,-24,-22,-46,-26,-44,-42,-19,-18,-33,-38,-33,-6,-41,-33
2020/12/6,-30,-37,-12,-50,-15,-35,-27,-50,-42,-42,-37,-55,-23,-37,-21,-47,-28,-48,-44,-23,-26,-38,-44,-37,-1,-41,-35
2020/12/7,-38,-35,-12,-56,-15,-34,-28,-43,-35,-28,-41,-46,-20,-30,-32,-47,-25,-43,-46,-29,-29,-41,-43,-26,-12,-43,-40
2020/12/8,-35,-34,-15,-56,-12,-31,-25,-44,-33,-27,-40,-67,-21,-27,-34,-47,-29,-43,-51,-28,-28,-53,-44,-29,-15,-44,-40
2020/12/9,-34,-35,-12,-55,-16,-41,-26,-44,-35,-30,-43,-42,-22,-29,-33,-47,-27,-44,-47,-28,-29,-26,-44,-27,-14,-44,-39
2020/12/10,-33,-35,-10,-54,-17,-41,-27,-44,-34,-30,-41,-40,-20,-27,-31,-48,-26,-43,-47,-26,-31,-26,-43,-26,-13,-44,-38
2020/12/11,-29,-35,-8,-53,-15,-43,-28,-45,-35,-32,-38,-39,-21,-30,-30,-46,-26,-41,-46,-25,-28,-28,-44,-28,-4,-41,-38
2020/12/12,-23,-34,-1,-48,-12,-42,-26,-43,-36,-37,-27,-37,-22,-26,-24,-46,-25,-40,-40,-19,-20,-27,-38,-35,-3,-39,-32
2020/12/13,-31,-33,-9,-52,-14,-42,-29,-46,-40,-44,-37,-30,-24,-30,-18,-45,-33,-43,-38,-21,-26,-31,-43,-35,2,-45,-35
2020/12/14,-38,-35,-11,-56,-15,-44,-31,-42,-32,-29,-39,-37,-21,-27,-30,-44,-24,-42,-44,-30,-25,-24,-43,-26,-12,-42,-41
2020/12/15,-36,-35,-10,-56,-13,-42,-29,-41,-28,-28,-36,-35,-19,-22,-29,-52,-28,-41,-40,-28,-26,-22,-43,-25,-14,-41,-38
2020/12/16,-34,-34,-10,-56,-12,-41,-30,-41,-28,-42,-38,-35,-21,-24,-28,-56,-27,-40,-40,-27,-25,-24,-42,-25,-12,-46,-41
2020/12/17,-32,-36,-9,-55,-14,-44,-30,-40,-27,-44,-36,-33,-21,-23,-28,-59,-26,-41,-40,-25,-24,-22,-44,-26,-11,-44,-43
2020/12/18,-30,-33,-5,-55,-18,-45,-33,-44,-26,-45,-33,-31,-21,-24,-27,-55,-24,-40,-44,-24,-22,-24,-42,-25,-2,-45,-36
2020/12/19,-25,-32,6,-46,-20,-41,-25,-39,-20,-43,-24,-26,-23,-14,-17,-53,-21,-38,-37,-17,-45,-25,-35,-29,-8,-41,-25
2020/12/20,-30,-27,0,-48,-24,-44,-27,-46,-23,-47,-23,-30,-26,-19,-13,-51,-28,-43,-30,-20,-52,-26,-43,-40,-4,-45,-29
2020/12/21,-42,-49,-7,-56,-26,-47,-28,-42,-36,-48,-34,-35,-20,-41,-27,-62,-26,-41,-35,-26,-47,-20,-45,-31,-14,-52,-35
2020/12/22,-42,-45,-7,-55,-29,-45,-23,-39,-31,-48,-30,-31,-20,-40,-27,-60,-30,-41,-31,-25,-51,-20,-46,-31,-12,-52,-33
2020/12/23,-38,-46,-3,-53,-37,-47,-21,-43,-31,-50,-37,-28,-20,-43,-22,-60,-28,-46,-28,-23,-56,-23,-46,-32,-14,-54,-30
2020/12/24,-44,-54,-23,-62,-68,-68,-41,-67,-42,-67,-51,-63,-21,-55,-36,-62,-40,-71,-40,-22,-80,-41,-66,-48,-12,-59,-43
2020/12/25,-68,-71,-62,-82,-71,-71,-56,-76,-70,-74,-86,-82,-22,-77,-70,-75,-72,-77,-67,-39,-80,-67,-70,-68,-4,-85,-67
2020/12/26,-40,-42,-29,-64,-47,-57,-34,-54,-33,-61,-70,-75,-24,-53,-37,-66,-33,-60,-48,-24,-60,-35,-48,-45,-9,-76,-37
2020/12/27,-36,-56,-23,-58,-39,-56,-29,-51,-34,-53,-57,-62,-26,-49,-22,-63,-35,-56,-45,-23,-50,-35,-52,-43,-8,-59,-31
2020/12/28,-57,-49,-19,-69,-52,-57,-34,-50,-43,-56,-65,-52,-26,-54,-35,-62,-47,-53,-41,-26,-59,-34,-53,-45,-12,-70,-40
2020/12/29,-51,-48,-20,-65,-48,-57,-33,-51,-40,-56,-58,-46,-36,-54,-35,-64,-48,-54,-35,-26,-54,-32,-53,-41,-12,-64,-39
2020/12/30,-50,-45,-15,-64,-47,-55,-30,-49,-38,-53,-56,-43,-45,-51,-31,-61,-48,-54,-40,-24,-57,-31,-52,-40,-11,-63,-37
2020/12/31,-48,-54,-32,-65,-54,-64,-37,-48,-44,-64,-65,-62,-57,-62,-39,-63,-43,-64,-49,-21,-65,-44,-61,-46,3,-67,-42
2021/1/1,-64,-71,-64,-80,-71,-71,-61,-69,-69,-75,-79,-83,-66,-78,-72,-75,-61,-72,-74,-46,-82,-70,-70,-66,-16,-82,-62
2021/1/2,-43,-40,-37,-60,-47,-54,-41,-50,-33,-53,-66,-68,-45,-41,-37,-59,-41,-47,-53,-30,-57,-34,-46,-46,-21,-66,-33
2021/1/3,-42,-43,-20,-57,-47,-53,-31,-49,-29,-49,-65,-62,-35,-34,-18,-56,-38,-43,-47,-26,-56,-34,-47,-44,-10,-62,-33
2021/1/4,-50,-40,-19,-62,-43,-53,-33,-45,-34,-50,-64,-45,-35,-48,-31,-62,-48,-48,-46,-26,-56,-30,-52,-37,-16,-62,-39
2021/1/5,-49,-39,-18,-62,-42,-53,-31,-46,-33,-50,-64,-58,-29,-47,-30,-61,-45,-49,-45,-26,-57,-29,-52,-37,-17,-63,-39
2021/1/6,-48,-39,-18,-61,-41,-54,-32,-61,-34,-54,-66,-73,-28,-47,-40,-58,-44,-48,-47,-25,-76,-57,-65,-39,-15,-63,-41
2021/1/7,-48,-41,-17,-62,-41,-55,-36,-45,-34,-50,-68,-42,-30,-47,-41,-62,-45,-51,-48,-23,-56,-39,-52,-36,-20,-64,-41
2021/1/8,-47,-39,-14,-62,-41,-57,-38,-47,-33,-52,-67,-40,-32,-47,-42,-57,-47,-51,-49,-23,-57,-41,-53,-36,-14,-64,-42
2021/1/9,-42,-34,-12,-56,-38,-51,-35,-46,-34,-50,-65,-50,-40,-37,-35,-52,-33,-51,-44,-20,-54,-50,-44,-37,-23,-65,-35
2021/1/10,-45,-35,-18,-59,-40,-56,-36,-50,-38,-45,-68,-57,-40,-35,-34,-52,-37,-51,-44,-31,-56,-50,-49,-38,-18,-65,-38
2021/1/11,-50,-38,-16,-62,-38,-56,-33,-41,-33,-46,-69,-42,-54,-29,-40,-59,-33,-47,-46,-25,-52,-35,-49,-30,-19,-63,-42
2021/1/12,-45,-39,-19,-62,-39,-51,-34,-44,-33,-47,-68,-40,-29,-30,-44,-58,-38,-48,-46,-25,-54,-35,-46,-30,-16,-63,-41
2021/1/13,-45,-38,-21,-62,-39,-55,-33,-40,-35,-47,-69,-41,-29,-30,-46,-56,-37,-49,-49,-25,-54,-35,-48,-31,-13,-65,-41
2021/1/14,-45,-42,-24,-64,-40,-53,-36,-43,-35,-47,-69,-43,-31,-30,-48,-60,-37,-49,-51,-23,-55,-36,-49,-32,-17,-66,-41
2021/1/15,-43,-39,-24,-64,-41,-56,-39,-46,-35,-49,-69,-44,-33,-30,-47,-57,-39,-49,-53,-23,-57,-37,-49,-30,-11,-64,-41
2021/1/16,-35,-40,-21,-61,-38,-52,-39,-47,-42,-52,-67,-43,-39,-31,-40,-57,-32,-49,-50,-18,-55,-39,-43,-33,-21,-67,-36
2021/1/17,-38,-43,-24,-61,-41,-53,-38,-47,-41,-50,-70,-60,-44,-38,-40,-55,-41,-55,-49,-24,-57,-45,-49,-49,-25,-63,-38
2021/1/18,-45,-39,-24,-63,-40,-54,-33,-41,-36,-47,-68,-45,-32,-31,-44,-58,-32,-47,-51,-26,-53,-34,-48,-33,-19,-63,-44
2021/1/19,-44,-41,-25,-63,-39,-54,-33,-42,-36,-49,-70,-44,-33,-30,-46,-60,-37,-46,-51,-26,-54,-35,-48,-33,-18,-64,-42
2021/1/20,-42,-37,-26,-63,-35,-55,-35,-41,-36,-46,-70,-45,-32,-28,-47,-56,-37,-46,-53,-25,-53,-38,-49,-34,-12,-66,-43
2021/1/21,-42,-40,-23,-63,-38,-53,-35,-44,-35,-47,-68,-46,-32,-30,-46,-59,-36,-49,-53,-23,-54,-36,-49,-37,-19,-64,-42
2021/1/22,-40,-36,-20,-63,-36,-55,-36,-44,-35,-49,-68,-47,-34,-30,-46,-54,-35,-47,-53,-24,-55,-40,-49,-37,-18,-63,-41
2021/1/23,-33,-35,-19,-59,-42,-50,-36,-45,-37,-51,-66,-47,-42,-31,-39,-56,-31,-49,-50,-20,-53,-46,-40,-42,-23,-64,-38
2021/1/24,-40,-39,-24,-63,-40,-50,-36,-48,-40,-51,-71,-55,-47,-37,-40,-52,-40,-54,-49,-24,-52,-47,-47,-30,-20,-66,-40
2021/1/25,-47,-38,-30,-64,-37,-52,-32,-42,-35,-46,-68,-43,-30,-31,-44,-57,-37,-50,-49,-26,-51,-36,-46,-35,-19,-62,-44
2021/1/26,-60,-37,-23,-64,-37,-50,-31,-42,-34,-47,-68,-39,-31,-26,-46,-58,-35,-50,-49,-26,-51,-34,-45,-32,-19,-64,-44
2021/1/27,-41,-38,-23,-62,-35,-54,-30,-42,-35,-47,-69,-40,-33,-32,-46,-58,-34,-51,-51,-26,-52,-35,-46,-36,-19,-63,-42
2021/1/28,-41,-40,-22,-63,-39,-51,-31,-43,-34,-48,-69,-40,-33,-32,-45,-61,-35,-50,-50,-23,-53,-34,-45,-38,-23,-63,-42
2021/1/29,-39,-37,-18,-63,-41,-52,-33,-42,-32,-47,-67,-41,-34,-32,-42,-57,-35,-51,-50,-22,-54,-35,-45,-38,-19,-61,-42
2021/1/30,-33,-39,-20,-60,-43,-48,-35,-45,-33,-49,-71,-40,-37,-35,-34,-57,-31,-52,-46,-18,-52,-46,-40,-47,-24,-67,-36
2021/1/31,-38,-34,-24,-62,-32,-47,-35,-46,-35,-42,-73,-50,-38,-43,-37,-49,-32,-52,-44,-23,-50,-48,-44,-38,-23,-63,-39
2021/2/1,-41,-37,-20,-63,-36,-50,-29,-41,-35,-46,-66,-39,-31,-29,-52,-58,-40,-48,-47,-26,-49,-34,-45,-37,-21,-60,-49
2021/2/2,-41,-37,-21,-64,-37,-50,-28,-42,-33,-46,-66,-36,-31,-27,-41,-59,-32,-49,-47,-25,-51,-35,-44,-34,-21,-62,-45
2021/2/3,-39,-39,-21,-62,-39,-52,-28,-41,-35,-48,-66,-39,-32,-32,-43,-58,-30,-48,-51,-24,-53,-35,-45,-37,-18,-63,-40
2021/2/4,-40,-35,-20,-62,-38,-51,-32,-44,-34,-45,-67,-37,-32,-29,-43,-57,-30,-48,-52,-22,-52,-35,-45,-33,-20,-64,-40
2021/2/5,-38,-34,-17,-63,-39,-53,-32,-45,-32,-48,-66,-36,-33,-31,-43,-55,-31,-47,-53,-21,-52,-36,-44,-32,-17,-61,-39
2021/2/6,-33,-35,-16,-60,-45,-48,-34,-47,-35,-51,-66,-32,-34,-34,-36,-56,-33,-47,-49,-17,-53,-45,-39,-36,-24,-64,-34
2021/2/7,-38,-43,-24,-62,-44,-52,-34,-48,-39,-56,-71,-51,-37,-45,-38,-67,-37,-50,-50,-21,-57,-46,-46,-47,-23,-67,-42
2021/2/8,-38,-41,-17,-64,-33,-52,-29,-42,-36,-51,-68,-38,-30,-39,-40,-67,-51,-47,-51,-23,-52,-35,-45,-33,-15,-63,-41
2021/2/9,-36,-40,-17,-62,-35,-50,-30,-43,-35,-48,-68,-38,-30,-35,-41,-59,-29,-47,-49,-22,-50,-35,-44,-33,-9,-63,-41
2021/2/10,-35,-41,-17,-62,-37,-49,-31,-43,-38,-47,-66,-39,-28,-38,-41,-55,-29,-48,-50,-20,-52,-34,-45,-36,-19,-62,-40
2021/2/11,-36,-41,-18,-62,-39,-49,-31,-44,-35,-45,-70,-34,-48,-38,-42,-55,-27,-47,-46,-27,-54,-32,-44,-35,-36,-63,-41
2021/2/12,-34,-40,-16,-62,-38,-49,-33,-44,-35,-47,-68,-38,-31,-40,-40,-51,-29,-46,-57,-49,-53,-33,-44,-36,-21,-62,-39
2021/2/13,-44,-32,-20,-58,-36,-43,-31,-44,-31,-46,-70,-42,-32,-34,-31,-47,-25,-46,-50,-35,-47,-35,-37,-41,-18,-65,-36
2021/2/14,-40,-32,-26,-57,-31,-42,-27,-43,-33,-40,-70,-39,-33,-39,-28,-43,-31,-49,-40,-22,-44,-38,-40,-28,-3,-65,-39
2021/2/15,-44,-45,-29,-72,-36,-51,-29,-41,-35,-45,-63,-40,-30,-40,-39,-61,-50,-46,-47,-31,-48,-32,-44,-35,-4,-60,-49
2021/2/16,-44,-40,-34,-62,-35,-48,-28,-41,-33,-42,-63,-38,-28,-33,-39,-55,-55,-45,-47,-26,-49,-31,-43,-30,-13,-61,-45
2021/2/17,-42,-38,-23,-58,-34,-49,-28,-42,-32,-42,-64,-37,-30,-36,-39,-53,-52,-44,-49,-24,-50,-29,-45,-30,-17,-61,-42
2021/2/18,-36,-43,-17,-59,-34,-50,-33,-43,-35,-41,-65,-36,-30,-36,-38,-56,-36,-44,-49,-22,-48,-29,-45,-33,-19,-61,-46
2021/2/19,-33,-37,-16,-59,-34,-50,-32,-43,-31,-42,-68,-36,-29,-37,-38,-51,-35,-41,-51,-22,-50,-30,-44,-31,-19,-61,-42
2021/2/20,-29,-19,-16,-54,-27,-45,-32,-44,-20,-36,-67,-31,-28,-25,-30,-42,-33,-46,-47,-17,-44,-33,-40,-24,-16,-61,-31
2021/2/21,-34,-12,-22,-55,-36,-40,-33,-47,-20,-22,-59,-35,-28,-23,-29,-31,-35,-50,-48,-21,-46,-45,-42,-12,-14,-57,-32
2021/2/22,-36,-32,-17,-61,-35,-47,-34,-43,-34,-37,-62,-36,-25,-31,-37,-51,-25,-45,-49,-24,-44,-32,-43,-30,-15,-59,-39
2021/2/23,-34,-29,-18,-60,-33,-47,-32,-45,-31,-36,-69,-34,-47,-23,-38,-51,-29,-44,-47,-24,-45,-27,-44,-26,-15,-59,-36
2021/2/24,-34,-24,-19,-59,-30,-47,-50,-44,-30,-34,-64,-34,-26,-25,-37,-45,-27,-46,-46,-23,-44,-28,-43,-26,-14,-59,-35
2021/2/25,-33,-30,-18,-59,-33,-46,-36,-45,-32,-34,-62,-34,-25,-24,-36,-52,-27,-46,-53,-20,-43,-27,-42,-26,-15,-59,-35
2021/2/26,-30,-28,-17,-58,-35,-46,-38,-46,-31,-38,-61,-33,-28,-30,-34,-49,-28,-42,-48,-19,-44,-27,-38,-27,-8,-56,-34
2021/2/27,-28,-26,-22,-53,-35,-39,-33,-43,-22,-39,-59,-31,-29,-22,-25,-44,-29,-42,-44,-15,-45,-29,-31,-34,-16,-56,-28
2021/2/28,-31,-18,-29,-54,-22,-41,-30,-43,-19,-30,-55,-32,-27,-26,-23,-38,-46,-38,-42,-19,-38,-33,-33,-21,-5,-55,-29
2021/3/1,-37,-31,-20,-60,-43,-42,-34,-42,-29,-34,-61,-36,-25,-26,-33,-51,-46,-43,-45,-23,-43,-30,-41,-22,-10,-57,-36
2021/3/2,-33,-28,-21,-60,-43,-42,-32,-43,-28,-32,-61,-35,-30,-23,-35,-49,-52,-42,-44,-23,-42,-26,-40,-20,-16,-58,-36
2021/3/3,-32,-26,-20,-57,-42,-43,-33,-42,-29,-33,-62,-36,-26,-25,-35,-47,-53,-44,-47,-22,-46,-25,-41,-23,-15,-59,-34
2021/3/4,-30,-36,-20,-59,-45,-43,-35,-45,-30,-38,-63,-36,-26,-28,-35,-53,-52,-44,-46,-21,-49,-25,-43,-25,-17,-59,-34
2021/3/5,-29,-28,-17,-58,-49,-42,-36,-46,-29,-38,-61,-39,-28,-29,-33,-47,-54,-44,-47,-20,-54,-25,-41,-28,-9,-57,-33
2021/3/6,-26,-25,-27,-52,-40,-42,-48,-51,-24,-38,-59,-43,-27,-24,-26,-45,-54,-47,-43,-14,-48,-28,-37,-25,-23,-58,-26
2021/3/7,-28,-24,-36,-53,-39,-42,-47,-52,-25,-35,-58,-43,-29,-27,-24,-44,-44,-43,-42,-21,-45,-37,-42,-28,-17,-56,-26
2021/3/8,-40,-31,-24,-58,-43,-42,-32,-47,-27,-36,-61,-44,-25,-28,-33,-49,-29,-42,-45,-23,-46,-28,-40,-24,-15,-54,-35
2021/3/9,-31,-33,-25,-57,-42,-40,-35,-50,-27,-35,-63,-43,-25,-27,-35,-50,-32,-41,-46,-23,-47,-25,-42,-23,-15,-52,-34
2021/3/10,-30,-32,-24,-55,-40,-44,-32,-48,-28,-33,-65,-41,-24,-27,-33,-49,-31,-47,-47,-22,-47,-24,-42,-22,-13,-57,-34
2021/3/11,-30,-34,-25,-56,-45,-48,-44,-50,-29,-37,-64,-41,-24,-30,-33,-52,-28,-46,-48,-20,-49,-24,-46,-29,-14,-55,-32
2021/3/12,-28,-32,-23,-55,-43,-46,-47,-52,-27,-37,-62,-41,-26,-30,-30,-49,-28,-43,-49,-20,-48,-24,-44,-25,-7,-53,-30
2021/3/13,-29,-35,-29,-47,-44,-47,-46,-52,-31,-42,-59,-40,-30,-39,-19,-52,-27,-45,-44,-15,-45,-25,-38,-31,-14,-58,-21
2021/3/14,-35,-34,-36,-53,-45,-40,-48,-54,-30,-41,-64,-47,-20,-42,-21,-45,-29,-45,-44,-17,-49,-30,-42,-42,-8,-54,-24
2021/3/15,-31,-33,-28,-57,-40,-42,-43,-47,-28,-33,-58,-50,-22,-29,-41,-49,-19,-41,-45,-24,-44,-24,-42,-30,-13,-51,-34
2021/3/16,-31,-34,-29,-57,-41,-37,-40,-47,-28,-32,-54,-49,-23,-27,-29,-50,-23,-43,-45,-23,-45,-23,-39,-26,-14,-51,-32
2021/3/17,-30,-32,-30,-54,-41,-38,-40,-47,-29,-32,-65,-48,-23,-28,-31,-42,-21,-45,-47,-23,-47,-24,-40,-28,-12,-51,-30
2021/3/18,-30,-32,-31,-55,-40,-40,-42,-49,-28,-33,-61,-48,-22,-26,-30,-51,-23,-45,-48,-21,-45,-24,-41,-27,-14,-52,-31
2021/3/19,-27,-27,-30,-54,-43,-41,-44,-51,-24,-35,-58,-48,-23,-29,-30,-45,-24,-45,-50,-21,-47,-40,-40,-27,-6,-50,-28
2021/3/20,-32,-23,-33,-44,-42,-43,-47,-54,-35,-36,-59,-53,-21,-24,-21,-43,-26,-47,-46,-14,-46,-29,-36,-29,-11,-55,-16
2021/3/21,-37,-31,-40,-46,-48,-34,-44,-54,-36,-40,-57,-57,-33,-36,-19,-45,-30,-47,-46,-19,-51,-29,-39,-30,-13,-53,-16
2021/3/22,-37,-32,-31,-54,-38,-41,-40,-46,-31,-33,-59,-48,-21,-31,-30,-48,-19,-44,-49,-23,-45,-24,-40,-26,-18,-49,-30
2021/3/23,-36,-29,-32,-54,-38,-38,-37,-47,-28,-32,-59,-46,-20,-24,-31,-48,-24,-43,-51,-23,-44,-22,-37,-21,-15,-50,-31
2021/3/24,-30,-25,-32,-55,-34,-39,-38,-47,-28,-29,-59,-45,-20,-25,-31,-43,-23,-43,-53,-22,-44,-23,-40,-19,-15,-51,-31
2021/3/25,-28,-29,-31,-53,-33,-37,-37,-46,-29,-30,-60,-45,-21,-27,-29,-48,-22,-43,-52,-19,-42,-20,-38,-21,-13,-51,-30
2021/3/26,-26,-26,-34,-56,-32,-39,-39,-48,-29,-31,-61,-45,-20,-26,-28,-44,-25,-43,-55,-18,-42,-23,-37,-20,-6,-51,-27
2021/3/27,-24,-34,-37,-47,-37,-40,-33,-48,-33,-39,-61,-47,-12,-31,-18,-46,-27,-45,-51,-12,-38,-23,-32,-26,-10,-54,-16
2021/3/28,-28,-25,-44,-54,-31,-44,-36,-51,-29,-31,-65,-48,-24,-26,-16,-45,-34,-49,-51,-16,-41,-24,-43,-9,-6,-57,-21
2021/3/29,-31,-46,-38,-56,-33,-44,-41,-50,-28,-32,-58,-45,-19,-27,-28,-44,-22,-48,-61,-22,-39,-26,-41,-20,-12,-48,-30
2021/3/30,-34,-31,-38,-54,-26,-32,-39,-46,-26,-28,-55,-42,-19,-20,-27,-41,-27,-46,-61,-21,-38,-24,-35,-16,-12,-46,-29
2021/3/31,-32,-30,-34,-53,-24,-28,-35,-42,-26,-25,-57,-40,-18,-22,-22,-36,-24,-47,-59,-19,-34,-22,-37,-15,-7,-47,-29
2021/4/1,-28,-36,-31,-52,-25,-51,-26,-39,-26,-30,-58,-40,-19,-20,-30,-44,-20,-59,-72,-14,-35,-37,-34,-13,2,-47,-27
2021/4/2,-55,-39,-60,-66,-56,-55,-48,-66,-26,-60,-59,-42,-22,-24,-50,-48,-59,-64,-84,-31,-69,-50,-56,-35,-7,-58,-27
2021/4/3,-29,-31,-38,-50,-42,-29,-39,-51,-30,-36,-54,-51,-17,-24,-35,-40,-33,-45,-69,-14,-49,-28,-35,-26,-12,-52,-18
2021/4/4,-33,-31,-38,-53,-29,-38,-32,-51,-38,-35,-60,-60,-26,-30,-15,-43,-46,-49,-62,-19,-56,-24,-37,-14,-10,-49,-21
2021/4/5,-54,-65,-29,-60,-62,-57,-41,-67,-59,-66,-71,-67,-22,-73,-25,-67,-49,-61,-57,-22,-65,-32,-61,-43,-9,-65,-27
2021/4/6,-36,-48,-31,-55,-36,-34,-36,-46,-40,-39,-61,-45,-21,-34,-28,-49,-32,-44,-57,-21,-43,-22,-40,-27,-8,-53,-27
2021/4/7,-34,-45,-28,-54,-35,-35,-33,-45,-39,-40,-60,-42,-21,-35,-28,-47,-26,-44,-59,-19,-42,-24,-40,-28,-10,-53,-27
2021/4/8,-32,-40,-26,-55,-36,-37,-32,-44,-38,-37,-62,-39,-21,-30,-29,-48,-25,-45,-58,-17,-43,-22,-40,-23,-16,-53,-26
2021/4/9,-31,-38,-24,-56,-31,-39,-43,-51,-40,-36,-61,-40,-22,-31,-29,-43,-28,-44,-66,-18,-39,-26,-44,-23,-9,-51,-26
2021/4/10,-24,-43,-26,-49,-25,-32,-37,-51,-42,-38,-58,-44,-22,-35,-20,-48,-40,-41,-61,-12,-30,-30,-29,-23,-13,-53,-17
2021/4/11,-28,-34,-35,-53,-18,-45,-26,-44,-45,-33,-59,-54,-21,-46,-17,-43,-32,-42,-59,-15,-36,-34,-42,-19,-7,-48,-19
2021/4/12,-34,-41,-25,-58,-31,-34,-28,-43,-39,-34,-56,-41,-20,-33,-28,-46,-20,-43,-53,-20,-34,-23,-39,-31,-11,-40,-29
2021/4/13,-32,-38,-26,-57,-29,-33,-31,-43,-37,-33,-52,-36,-21,-29,-30,-46,-25,-42,-53,-21,-44,-22,-37,-25,-12,-42,-29
2021/4/14,-31,-37,-24,-55,-25,-33,-28,-40,-37,-33,-51,-34,-22,-30,-28,-43,-25,-41,-55,-20,-41,-22,-36,-23,-11,-42,-29
2021/4/15,-29,-39,-23,-57,-29,-33,-29,-40,-38,-33,-54,-36,-19,-30,-26,-46,-23,-39,-53,-19,-40,-23,-36,-26,-13,-42,-29
2021/4/16,-28,-37,-21,-57,-29,-34,-33,-42,-40,-35,-54,-35,-22,-33,-25,-41,-25,-38,-55,-18,-41,-23,-36,-24,-5,-39,-27
2021/4/17,-22,-26,-25,-52,-28,-30,-26,-39,-38,-36,-48,-34,-30,-18,-17,-36,-29,-33,-52,-18,-38,-25,-28,-25,-10,-34,-17
2021/4/18,-24,-19,-33,-53,-22,-26,-20,-40,-37,-35,-58,-45,-24,-29,-14,-31,-31,-30,-54,-19,-38,-26,-31,-28,-6,-33,-16
2021/4/19,-31,-29,-22,-59,-26,-30,-24,-38,-38,-32,-55,-35,-19,-24,-25,-44,-18,-34,-53,-19,-26,-21,-33,-21,-11,-38,-28
2021/4/20,-28,-26,-21,-57,-17,-25,-22,-37,-36,-28,-53,-31,-19,-18,-26,-41,-27,-35,-51,-19,-22,-21,-31,-15,-11,-38,-28
2021/4/21,-26,-25,-47,-58,-17,-31,-21,-37,-37,-29,-51,-32,-20,-20,-27,-41,-25,-41,-52,-19,-22,-24,-36,-18,-9,-41,-29
2021/4/22,-26,-27,-21,-58,-23,-30,-28,-40,-37,-32,-52,-33,-21,-19,-27,-45,-22,-39,-53,-18,-27,-22,-40,-19,-12,-40,-28
2021/4/23,-25,-24,-20,-57,-21,-30,-37,-45,-37,-31,-52,-32,-21,-21,-25,-39,-27,-37,-55,-17,-23,-18,-36,-14,-5,-37,-25
2021/4/24,-24,-22,-20,-50,-8,-24,-40,-47,-33,-32,-44,-29,-21,-6,-17,-34,-21,-38,-51,-16,-9,-24,-31,-10,-9,-35,-18
2021/4/25,-27,-18,-28,-55,-14,-27,-35,-48,-32,-25,-47,-32,-29,-9,-15,-34,-31,-39,-50,-19,-13,-35,-39,-4,-8,-37,-18
2021/4/26,-40,-25,-19,-58,-19,-30,-37,-41,-37,-32,-50,-32,-21,-22,-26,-43,-47,-36,-51,-21,-19,-23,-36,-19,-12,-39,-28
2021/4/27,-28,-24,-20,-57,-16,-25,-32,-40,-34,-30,-54,-30,-22,-16,-27,-48,-28,-36,-51,-19,-19,-22,-33,-14,-13,-40,-27
2021/4/28,-27,-21,-19,-56,-13,-28,-26,-37,-35,-29,-53,-28,-21,-19,-25,-38,-25,-36,-52,-17,-20,-22,-34,-19,-12,-42,-27
2021/4/29,-27,-28,-19,-56,-19,-20,-26,-37,-36,-33,-54,-30,-52,-20,-23,-49,-24,-36,-51,-15,-21,-21,-34,-24,-10,-40,-27
2021/4/30,-24,-25,-13,-57,-15,-48,-28,-36,-35,-31,-52,-25,-28,-19,-19,-41,-26,-32,-49,-14,-19,-19,-33,-23,-3,-36,-23
2021/5/1,-21,-27,-26,-47,-15,-21,-27,-42,-50,-41,-49,-43,-29,-28,-16,-31,-26,-36,-48,-20,-26,-29,-29,-33,-11,-35,-13
2021/5/2,-26,-19,-24,-50,-34,-25,-22,-41,-31,-35,-49,-22,-27,-19,-9,-33,-29,-34,-45,-19,-24,-19,-34,-29,-6,-34,-13
2021/5/3,-34,-25,-16,-57,-16,-28,-24,-36,-23,-30,-72,-26,-38,-20,-21,-44,-15,-36,-46,-25,-20,-26,-35,-14,-13,-58,-27
2021/5/4,-29,-27,-16,-57,-14,-30,-15,-35,-25,-33,-54,-25,-39,-22,-24,-50,-22,-38,-47,-20,-16,-17,-36,-17,-13,-41,-27
2021/5/5,-28,-23,-16,-56,-18,-31,-21,-38,-25,-33,-54,-25,-52,-21,-25,-47,-20,-40,-48,-21,-23,-18,-40,-20,-13,-40,-27
2021/5/6,-28,-25,-14,-55,-18,-27,-23,-38,-26,-32,-53,-25,-25,-22,-23,-45,-20,-35,-48,-19,-20,-17,-38,-25,-13,-39,-24
2021/5/7,-26,-19,-10,-56,-18,-27,-22,-39,-21,-33,-52,-23,-30,-20,-20,-40,-23,-33,-50,-18,-21,-16,-36,-21,-3,-37,-23
2021/5/8,-21,-10,-6,-50,-8,-19,-12,-36,-26,-29,-50,-16,-32,-8,-9,-38,-29,-29,-45,-17,-25,-16,-27,-8,-16,-46,-14
2021/5/9,-26,-5,-15,-48,6,-19,-1,-36,-20,-10,-56,-15,-33,-3,-6,-24,-36,-48,-42,-22,-1,-28,-40,-1,-12,-36,-15
2021/5/10,-29,-19,-14,-56,-4,-24,-12,-36,-23,-27,-51,-27,-24,-22,-23,-40,-17,-37,-47,-23,-12,-19,-34,-20,-12,-39,-27
2021/5/11,-28,-17,-15,-57,-2,-22,-4,-30,-21,-28,-47,-30,-24,-16,-22,-41,-23,-30,-46,-22,-7,-17,-31,-20,-13,-39,-26
2021/5/12,-26,-8,-15,-54,-8,-16,0,-23,-10,-24,-48,-24,-25,-11,-21,-32,-20,-25,-45,-20,-11,-16,-25,-11,-14,-39,-24
2021/5/13,-25,-42,-16,-53,-16,-42,-9,-46,-41,-53,-48,-23,-26,-49,-21,-48,-21,-49,-53,-39,-17,-16,-45,-40,-18,-41,-23
2021/5/14,-24,-27,-12,-52,-11,-35,-18,-39,-38,-37,-48,-24,-26,-23,-17,-41,-23,-35,-47,-23,-16,-14,-41,-25,-17,-37,-20
2021/5/15,-22,-16,-11,-43,0,-21,-13,-35,-27,-30,-46,-18,-30,-12,-6,-33,-28,-30,-41,-21,-9,-15,-32,-27,-44,-38,-10
2021/5/16,-24,-18,-20,-45,-2,-19,-6,-31,-4,-24,-43,-22,-38,-10,-3,-32,-31,-32,-39,-42,-10,-21,-31,-29,-50,-39,-11
2021/5/17,-28,-21,-13,-54,-8,-24,-14,-34,-18,-26,-43,-23,-25,-19,-17,-40,-17,-46,-41,-34,-15,-15,-33,-19,-40,-35,-24
2021/5/18,-26,-17,-14,-54,-3,-21,-15,-33,-19,-26,-43,-21,-25,-15,-19,-38,-23,-31,-41,-36,-9,-15,-29,-15,-47,-36,-24
2021/5/19,-25,-18,-16,-55,-5,-24,-14,-34,-13,-25,-41,-22,-26,-16,-21,-37,-21,-32,-43,-40,-12,-17,-30,-19,-51,-36,-25
2021/5/20,-29,-19,-15,-54,-10,-25,-21,-36,-14,-26,-53,-24,-28,-14,-19,-39,-22,-35,-45,-43,-14,-18,-34,-17,-56,-41,-24
2021/5/21,-27,-17,-10,-54,-6,-24,-19,-42,-9,-26,-47,-21,-31,-14,-16,-36,-23,-29,-45,-43,-7,-16,-33,-21,-56,-36,-22
2021/5/22,-25,-25,-15,-48,-2,-23,-15,-35,-4,-26,-32,-16,-34,-14,-5,-37,-26,-32,-38,-40,-17,-19,-29,-14,-68,-31,-14
2021/5/23,-30,-8,-23,-50,-7,-26,-20,-40,-9,-19,-45,-14,-33,-10,-3,-29,-37,-41,-39,-46,-24,-26,-39,-3,-70,-34,-13
2021/5/24,-33,-54,-14,-67,0,-42,-13,-33,-36,-46,-44,-29,-26,-61,-18,-57,-18,-50,-40,-42,-10,-20,-34,-41,-57,-38,-26
2021/5/25,-31,-21,-14,-55,-3,-22,-9,-32,-11,-28,-44,-21,-24,-25,-18,-40,-23,-32,-40,-41,-11,-15,-33,-12,-56,-38,-25
2021/5/26,-31,-18,-14,-55,-1,-27,-20,-37,-14,-27,-40,-20,-25,-27,-18,-37,-21,-35,-42,-55,-5,-16,-37,-15,-56,-37,-24
2021/5/27,-32,-19,-13,-54,-2,-23,-16,-33,-12,-28,-47,-20,-29,-21,-17,-40,-20,-30,-43,-41,-10,-15,-35,-16,-58,-35,-21
2021/5/28,-39,-10,-9,-54,1,-21,-13,-32,-8,-23,-44,-16,-27,-19,-14,-29,-24,-24,-44,-41,-6,-12,-28,-8,-57,-29,-19
2021/5/29,-42,-4,-10,-44,0,-11,-12,-30,-3,-15,-31,-8,-30,4,-3,-20,-35,-16,-36,-38,-10,-13,-14,-10,-68,-22,-13
2021/5/30,-44,0,-25,-47,-2,-14,-6,-31,1,-4,-27,-10,-31,9,1,-11,-38,-19,-38,-44,-13,-18,-19,1,-73,-18,-16
2021/5/31,-42,-13,-15,-53,0,-19,-11,-31,-11,-17,-41,-21,-24,-12,-13,-33,-22,-28,-38,-40,-6,-14,-30,-10,-59,-42,-33
2021/6/1,-41,-11,-12,-52,6,-17,-4,-27,-9,-15,-39,-17,-24,-5,-15,-32,-24,-26,-40,-40,-1,-14,-27,-6,-57,-34,-21
2021/6/2,-40,-10,-8,-51,6,-21,0,-26,-12,-13,-43,-31,-25,-9,-15,-28,-22,-26,-44,-41,-3,-12,-28,-10,-56,-36,-23
2021/6/3,-41,-15,-36,-53,3,-19,-4,-28,-12,-33,-41,-17,-25,-8,-16,-37,-21,-27,-43,-39,-5,-14,-28,-14,-58,-37,-23
2021/6/4,-38,-14,-13,-51,5,-18,-5,-28,-10,-24,-40,-16,-30,-9,-16,-31,-24,-23,-44,-40,-3,-12,-25,-13,-59,-35,-20
2021/6/5,-39,-14,-9,-45,6,-6,-3,-17,-5,-18,-31,-10,-29,-2,-5,-27,-32,-17,-38,-35,-3,-15,-12,-19,-71,-25,-9
2021/6/6,-42,-1,-17,-45,5,-12,1,-27,2,-14,-29,-11,-31,-3,2,-16,-43,-21,-40,-41,2,-14,-19,-14,-73,-26,-9
2021/6/7,-44,-13,-11,-54,3,-22,0,-29,-11,-18,-45,-21,-24,-12,-15,-34,-53,-29,-40,-40,-3,-12,-29,-15,-57,-35,-24
2021/6/8,-41,-12,-11,-54,7,-16,3,-27,-9,-16,-42,-19,-24,-5,-16,-32,-25,-26,-40,-39,-1,-11,-26,-12,-56,-35,-24
2021/6/9,-42,-9,-10,-53,6,-19,8,-26,-7,-16,-40,-20,-24,-8,-16,-29,-24,-25,-43,-39,-3,-12,-26,-13,-55,-35,-22
2021/6/10,-42,-12,-10,-51,3,-17,3,-28,-7,-17,-41,-19,-24,-6,-16,-34,-23,-26,-42,-38,-4,-11,-25,-10,-57,-35,-21
2021/6/11,-36,-7,-7,-50,5,-17,-2,-29,-5,-16,-40,-18,-26,-6,-14,-29,-25,-24,-43,-38,-2,-11,-26,-9,-56,-32,-20
2021/6/12,-35,-4,-5,-40,8,-9,-6,-27,2,-15,-28,-10,-28,7,-5,-21,-30,-20,-42,-34,-1,-12,-22,-7,-66,-26,-9
2021/6/13,-35,1,-18,-43,5,-13,-7,-27,7,-6,-28,-7,-30,7,-2,-13,-39,-22,-41,-39,-3,-14,-21,-1,-67,-24,-7
2021/6/14,-54,-11,-11,-53,4,-22,-1,-30,-9,-16,-41,-21,-24,-11,-14,-33,-21,-32,-39,-38,-3,-12,-33,-8,-67,-35,-22
2021/6/15,-37,-11,-12,-52,9,-16,-1,-29,-7,-15,-40,-19,-22,-6,-14,-33,-27,-24,-37,-38,0,-11,-28,-7,-55,-35,-21
2021/6/16,-35,-10,-12,-50,9,-17,3,-27,-10,-16,-40,-20,-24,-8,-14,-29,-24,-26,-40,-37,-2,-12,-29,-10,-55,-35,-20
2021/6/17,-36,-14,-13,-49,4,-14,-2,-27,-8,-18,-42,-20,-24,-8,-16,-37,-24,-25,-41,-36,-4,-15,-29,-12,-56,-37,-19
2021/6/18,-34,-11,-10,-50,3,-14,-5,-28,-6,-18,-40,-19,-25,-7,-14,-32,-27,-21,-44,-38,-4,-14,-28,-13,-56,-34,-18
2021/6/19,-38,-6,-12,-40,5,-4,2,-19,-4,-15,-28,-9,-32,2,-3,-23,-32,-19,-38,-32,-1,-15,-15,-11,-65,-30,-8
2021/6/20,-41,-3,-21,-39,2,-16,5,-24,4,-12,-33,-10,-26,-3,-1,-20,-40,-22,-39,-38,1,-18,-22,-17,-67,-30,-8
2021/6/21,-40,-16,-13,-53,1,-18,0,-29,-6,-19,-42,-21,-21,-12,-15,-38,-22,-28,-42,-34,-4,-13,-32,-15,-56,-38,-22
2021/6/22,-39,-19,-15,-52,4,-13,6,-29,-11,-17,-41,-20,-22,-6,-17,-36,-25,-26,-42,-35,-1,-12,-30,-12,-58,-36,-22
2021/6/23,-39,-14,-13,-49,8,-15,-16,-30,-10,-16,-43,-19,-23,-51,-16,-32,-24,-22,-43,-34,-3,-12,-30,-13,-56,-36,-20
2021/6/24,-42,-16,-16,-51,6,-15,-32,-28,-8,-18,-44,-20,-22,-15,-15,-34,-29,-24,-45,-34,-5,-20,-27,-16,-56,-36,-20
2021/6/25,-41,-15,-10,-50,4,-16,-20,-54,-6,-16,-43,-16,-22,-7,-15,-29,-31,-20,-45,-33,-5,-15,-49,-11,-55,-32,-18
2021/6/26,-42,0,-10,-45,12,-1,-8,-49,3,-8,-31,-7,-22,8,-5,-17,-36,-10,-39,-25,3,-12,-27,-5,-62,-26,-8
2021/6/27,-48,2,-19,-40,11,-8,1,-32,6,-4,-30,-2,-27,1,-6,-16,-44,-14,-42,-31,4,-12,-23,-3,-64,-28,-6
2021/6/28,-52,-17,-13,-52,6,-16,-4,-31,-9,-18,-41,-19,-20,-10,-15,-34,-27,-25,-41,-31,1,-12,-29,-10,-54,-36,-23
2021/6/29,-55,-19,-19,-54,6,-15,-5,-31,-10,-20,-40,-22,-22,-9,-19,-36,-36,-27,-41,-32,-3,-12,-29,-16,-54,-38,-25
2021/6/30,-59,-22,-13,-46,7,-20,0,-29,-8,-18,-38,-18,-23,-10,-14,-34,-31,-22,-42,-32,0,-11,-32,-14,-52,-37,-21
2021/7/1,-58,-19,-10,-56,-3,-15,-2,-27,-3,-16,-41,-16,-22,-2,-13,-33,-26,-22,-41,-26,-10,-9,-31,-11,-53,-35,-18
2021/7/2,-56,-16,-7,-52,-7,-18,-6,-29,0,-12,-42,-16,-24,3,-12,-26,-27,-20,-44,-26,-11,-14,-28,-8,-52,-31,-15
2021/7/3,-51,-5,-4,-37,10,5,3,-17,11,-3,-33,-3,-27,21,-2,-13,-24,-6,-39,-22,5,-9,-6,-12,-60,-29,-8
2021/7/4,-52,-6,-16,-33,7,-1,9,-20,10,-4,-37,-2,-29,6,-1,-15,-33,-12,-40,-28,5,-10,-16,-14,-61,-28,-11
2021/7/5,-54,-23,-8,-48,-32,-19,1,-27,-4,-16,-41,-15,-20,-8,-10,-33,-19,-24,-39,-31,-35,-9,-31,-9,-50,-36,-28
2021/7/6,-52,-22,-8,-50,-29,-16,2,-29,-2,-16,-44,-16,-20,-5,-12,-33,-26,-26,-40,-27,-4,-12,-29,-12,-51,-38,-21
2021/7/7,-51,-19,-6,-49,-7,-14,5,-28,-2,-15,-39,-17,-22,-4,-13,-28,-26,-26,-41,-26,-9,-11,-32,-14,-50,-36,-21
2021/7/8,-51,-22,-4,-50,-12,-17,-2,-31,-3,-18,-41,-18,-23,-4,-13,-31,-24,-26,-41,-25,-12,-10,-29,-18,-51,-36,-21
2021/7/9,-52,-19,-13,-46,-12,-21,-3,-32,0,-17,-42,-13,-23,2,-12,-26,-26,-21,-44,-25,-11,-12,-30,-10,-49,-32,-19
2021/7/10,-50,-8,-2,-32,12,-3,7,-20,16,-3,-27,0,-24,18,-3,-17,-25,-16,-38,-22,8,-12,-16,-5,-57,-28,-7
2021/7/11,-52,6,-10,-35,3,-1,15,-22,19,0,-38,4,-25,24,-3,-15,-33,-6,-37,-27,-4,-14,-15,3,-58,-23,-8
2021/7/12,-52,-25,-6,-48,-3,-18,3,-29,-8,-15,-41,-13,-20,-9,-12,-35,-23,-21,-39,-26,-9,-12,-30,-13,-48,-37,-22
2021/7/13,-50,-29,-7,-49,-2,-15,3,-29,-6,-17,-39,-17,-20,-12,-14,-36,-29,-24,-40,-27,-8,-11,-29,-19,-47,-36,-21
2021/7/14,-49,-28,-7,-47,-4,-19,5,-27,-29,-18,-36,-14,-21,-11,-12,-34,-25,-26,-41,-25,-11,-11,-30,-16,-45,-35,-20
2021/7/15,-48,-34,-7,-47,-2,-19,0,-29,-7,-16,-38,-14,-20,-9,-11,-38,-25,-24,-39,-24,-11,-11,-31,-21,-47,-35,-18
2021/7/16,-56,-25,-5,-45,-2,-21,-4,-30,-5,-14,-37,-13,-22,-5,-10,-31,-29,-22,-41,-23,-8,-14,-30,-16,-46,-30,-17
2021/7/17,-58,-3,-4,-33,9,5,7,-18,21,-2,-22,2,-22,24,0,-14,-38,-4,-35,-19,1,-12,-6,-11,-54,-24,-7
2021/7/18,-58,3,-11,-30,10,-2,12,-20,24,7,-24,5,-23,26,2,-10,-34,-7,-36,-27,2,-12,-14,-1,-53,-22,-5
2021/7/19,-59,-25,-8,-48,-3,-20,0,-30,-6,-15,-35,-14,-21,-9,-10,-37,-20,-22,-38,-28,-8,-11,-31,-13,-46,-34,-20
2021/7/20,-60,-23,-8,-49,0,-18,-1,-31,-7,-14,-34,-13,-20,-5,-12,-34,-25,-24,-47,-47,-8,-12,-30,-11,-46,-36,-20
2021/7/21,-60,-32,-7,-46,1,-21,3,-29,-7,-14,-33,-14,-17,-8,-13,-31,-26,-23,-43,-28,-7,-14,-31,-13,-46,-35,-20
2021/7/22,-60,-26,-7,-46,-2,-20,-2,-29,-9,-14,-36,-14,-35,-6,-13,-36,-27,-26,-44,-32,-9,-14,-32,-15,-52,-35,-18
2021/7/23,-60,-24,-4,-44,-4,-22,-7,-32,-6,-14,-36,-12,-40,-2,-13,-32,-28,-21,-47,-33,-9,-16,-30,-14,-54,-31,-17
2021/7/24,-61,-16,-2,-33,14,5,5,-19,15,-2,-22,3,-23,10,-4,-20,-28,-1,-49,-34,10,-14,-5,-16,-61,-25,-6
2021/7/25,-63,-11,-9,-31,7,-3,11,-21,12,3,-21,5,-23,20,-3,-17,-35,-1,-47,-40,5,-13,-11,-14,-54,-22,-6
2021/7/26,-61,-31,-7,-47,-6,-23,0,-30,-10,-17,-37,-16,-20,-13,-13,-41,-20,-24,-39,-33,-10,-13,-32,-20,-45,-34,-21
2021/7/27,-60,-30,-8,-49,-2,-20,0,-29,-12,-16,-38,-14,-25,-14,-14,-40,-24,-33,-38,-33,-9,-13,-32,-16,-41,-37,-21
2021/7/28,-55,-26,-14,-45,-4,-24,0,-33,-9,-16,-38,-14,-23,-13,-15,-38,-22,-29,-42,-32,-11,-14,-34,-20,-41,-38,-20
2021/7/29,-54,-26,-9,-47,-3,-26,-4,-32,-9,-14,-37,-13,-24,-11,-14,-39,-21,-33,-41,-31,-8,-14,-36,-14,-43,-35,-20
2021/7/30,-52,-26,-5,-43,-4,-24,-15,-36,-4,-13,-38,-11,-25,-9,-12,-37,-23,-23,-40,-32,-10,-16,-35,-21,-41,-33,-17
2021/7/31,-55,-7,-4,-29,16,0,-4,-19,22,3,-23,5,-27,12,-1,-24,-29,-10,-33,-32,5,-14,-12,-12,-53,-22,-6
2021/8/1,-59,-11,-12,-31,-3,-1,-1,-25,20,5,-19,5,-29,28,1,-22,-34,-11,-40,-38,-3,-10,-17,-15,-51,-20,-6
2021/8/2,-58,-27,-3,-52,-7,-17,-6,-28,-11,-15,-43,-13,-23,-21,-11,-38,-19,-22,-38,-32,-9,-13,-34,-15,-41,-33,-20
2021/8/3,-58,-26,-5,-46,-1,-14,-5,-29,-13,-16,-35,-14,-25,-24,-14,-37,-27,-23,-38,-32,-6,-15,-30,-19,-40,-35,-20
2021/8/4,-58,-24,-4,-45,-2,-16,3,-26,-15,-15,-34,-17,-25,-22,-14,-34,-23,-22,-39,-32,-9,-18,-30,-24,-38,-34,-20
2021/8/5,-58,-25,-2,-44,-13,-15,-1,-27,-14,-16,-41,-14,-26,-21,-14,-38,-25,-23,-35,-30,-20,-17,-30,-18,-41,-37,-20
2021/8/6,-63,-27,4,-43,-5,-17,-4,-25,-9,-16,-37,-12,-27,-19,-14,-38,-28,-20,-57,-30,-11,-19,-31,-15,-42,-33,-18
2021/8/7,-65,-10,6,-31,18,3,-7,-27,16,0,-28,6,-28,0,-6,-19,-29,-5,-55,-31,13,-14,-17,-19,-58,-24,-8
2021/8/8,-66,-6,-2,-28,11,1,9,-24,19,8,-23,10,-32,10,-6,-19,-43,-2,-57,-33,12,-11,-21,-2,-46,-22,-7
2021/8/9,-62,-27,0,-46,-2,-15,-3,-26,-13,-14,-36,-14,-48,-23,-14,-41,-22,-20,-53,-50,-6,-16,-32,-11,-37,-34,-22
2021/8/10,-60,-25,-1,-47,1,-10,2,-26,-14,-14,-34,-16,-27,-23,-15,-38,-25,-20,-51,-34,-4,-17,-30,-6,-36,-33,-22
2021/8/11,-60,-20,-3,-45,3,-11,1,-22,-14,-15,-34,-18,-28,-23,-16,-31,-23,-18,-53,-29,-4,-19,-29,-8,-35,-34,-22
2021/8/12,-59,-22,-4,-45,0,-8,-1,-23,-15,-17,-36,-18,-34,-22,-15,-35,-23,-21,-53,-28,-6,-20,-28,-10,-37,-33,-21
2021/8/13,-59,-21,-3,-43,-1,-8,-6,-23,-11,-13,-35,-18,-41,-20,-13,-33,-26,-20,-55,-28,-5,-22,-29,-11,-35,-29,-19
2021/8/14,-59,2,-2,-27,20,7,-2,-24,19,5,-24,-1,-41,7,-3,-12,-29,-4,-51,-25,18,-16,-13,0,-42,-18,-9
2021/8/15,-60,10,-9,-25,15,3,0,-26,20,12,-21,0,-35,18,-2,-6,-34,-5,-53,-30,16,-13,-19,5,-39,-16,-7
2021/8/16,-61,-29,-4,-45,-3,-11,-4,-23,-12,-16,-34,-15,-31,-27,-13,-39,-19,-15,-50,-29,-6,-21,-31,-10,-33,-32,-22
2021/8/17,-61,-28,-3,-46,-1,-8,-6,-25,-14,-16,-35,-16,-30,-26,-16,-39,-25,-15,-50,-30,-8,-17,-31,-5,-33,-35,-23
2021/8/18,-60,-23,-3,-44,1,-12,-3,-25,-15,-13,-32,-17,-30,-28,-16,-33,-75,-17,-52,-28,-4,-19,-29,-6,-33,-34,-22
2021/8/19,-60,-24,-2,-43,-1,-8,-3,-24,-15,-14,-35,-18,-30,-27,-17,-37,-78,-15,-53,-25,-5,-21,-26,-7,-36,-33,-22
2021/8/20,-59,-20,1,-42,-2,-5,-21,-24,-11,-12,-36,-17,-31,-21,-16,-30,-85,-11,-54,-26,-5,-22,-24,-5,-32,-29,-20
2021/8/21,-61,1,2,-28,21,13,-4,-24,16,4,-23,4,-33,14,-13,-8,-83,1,-49,-21,15,-14,-9,4,-40,-22,-12
2021/8/22,-61,-9,-6,-28,11,9,5,-25,17,0,-18,9,-35,17,-7,-18,-84,1,-51,-29,16,-12,-16,-6,-41,-17,-17
2021/8/23,-62,-24,-2,-44,-4,-8,-1,-23,-12,-18,-31,-16,-28,-20,-15,-32,-82,-12,-46,-26,-11,-17,-23,-5,-31,-31,-25
2021/8/24,-63,-19,-4,-45,-3,-4,-3,-23,-11,-16,-32,-18,-28,-14,-16,-28,-83,-15,-46,-28,-7,-18,-22,-5,-32,-32,-24
2021/8/25,-60,-16,-3,-42,6,-11,-9,-28,-10,-12,-30,-18,-28,-14,-16,-25,-82,-15,-47,-25,-1,-18,-24,-3,-30,-32,-23
2021/8/26,-60,-21,-2,-42,-5,-9,-9,-25,-10,-15,-32,-17,-29,-14,-15,-31,-82,-14,-47,-23,-11,-17,-25,-3,-32,-31,-22
2021/8/27,-59,-17,-1,-40,-5,-7,-10,-25,-6,-15,-31,-16,-31,-13,-15,-27,-85,-11,-50,-23,-10,-20,-22,-3,-28,-26,-22
2021/8/28,-60,1,-8,-28,14,1,1,-21,16,-3,-15,2,-32,14,-5,-12,-82,-1,-45,-19,12,-12,-12,-1,-35,-15,-14
2021/8/29,-63,-1,-14,-29,11,1,5,-22,19,-4,-21,10,-33,22,-5,-15,-81,2,-48,-28,-2,-9,-14,-1,-33,-12,-13
2021/8/30,-60,-17,-3,-42,0,-9,1,-22,-5,-13,-32,-14,-28,-12,-13,-26,-82,-13,-55,-26,-6,-13,-20,-5,-29,-41,-25
2021/8/31,-59,-15,-3,-41,-1,0,4,-21,-3,-9,-34,-15,-28,-10,-13,-24,-83,-14,-42,-24,-5,-11,-19,-2,-29,-33,-23
2021/9/1,-58,-7,-1,-39,14,-3,9,-21,-2,-7,-32,-13,-28,-8,-13,-20,-75,-15,-46,-24,-40,-12,-21,0,-23,-33,-24
2021/9/2,-59,-6,0,-39,12,-3,-2,-24,-2,-12,-35,-15,-30,-9,-14,-23,-75,-16,-48,-21,5,-10,-25,-2,-26,-32,-21
2021/9/3,-59,0,6,-38,14,0,0,-24,2,-11,-32,-12,-31,-10,-13,-16,-76,-13,-50,-26,7,-10,-23,-2,-23,-27,-16
2021/9/4,-61,8,6,-26,24,15,2,-21,11,0,-19,2,-35,28,-3,-8,-73,-6,-46,-20,12,-3,-9,5,-39,-19,-11
2021/9/5,-60,18,-7,-29,18,7,6,-25,19,9,-21,10,-33,36,-3,1,-76,-6,-48,-25,15,-2,-18,13,-35,-15,-15
2021/9/6,-60,-2,-12,-56,12,-7,3,-23,6,-11,-30,-11,-27,-9,-11,-18,-75,-17,-46,-28,9,-5,-26,-2,-25,-27,-33
2021/9/7,-59,-2,-39,-40,13,-2,4,-23,6,-7,-28,-11,-26,-5,-13,-17,-78,-18,-47,-27,8,-5,-24,0,-24,-28,-22
2021/9/8,-58,0,0,-39,15,-8,5,-22,4,-6,-32,-10,-28,-6,-15,-12,-66,-15,-55,-28,7,-7,-25,-1,-23,-28,-23
2021/9/9,-59,-5,0,-38,10,-4,2,-24,4,-7,-34,-10,-28,-9,-14,-20,-61,-16,-48,-26,5,-5,-24,-7,-26,-29,-23
2021/9/10,-57,-4,2,-37,14,-1,-1,-21,8,-8,-30,-9,-28,-8,-12,-17,-64,-12,-50,-27,8,-5,-23,-7,-27,-24,-20
2021/9/11,-58,4,2,-29,23,7,6,-20,15,1,-15,4,-31,26,-3,-11,-58,-15,-48,-22,16,-2,-16,2,-34,-16,-13
2021/9/12,-60,15,-6,-31,18,7,0,-28,23,13,-21,11,-32,40,-4,-6,-62,-10,-50,-28,14,-2,-25,8,-63,-16,-12
2021/9/13,-60,-2,1,-39,11,-7,-3,-24,6,-7,-32,-5,-25,-9,-11,-19,-58,-15,-45,-27,0,-1,-25,-3,-27,-26,-23
2021/9/14,-59,-2,-1,-41,15,-5,-2,-23,6,-5,-31,-4,-25,-5,-8,-19,-59,-15,-45,-27,8,-4,-24,-1,-25,-29,-23
2021/9/15,-57,-3,-1,-39,15,-11,2,-21,3,-8,-30,-4,-25,-6,-9,-18,-58,-16,-44,-27,-32,-2,-25,-8,-23,-27,-22
2021/9/16,-58,-7,-2,-39,7,-8,-8,-27,2,-9,-32,-8,-25,-2,-44,-21,-58,-19,-46,-25,1,-2,-30,-10,-25,-27,-22
2021/9/17,-57,-2,2,-38,9,-7,-10,-29,7,-8,-31,-7,-28,-1,-14,-16,-60,-13,-47,-25,-2,-2,-28,-6,-17,-24,-19
2021/9/18,-58,9,2,-29,21,3,-8,-22,11,2,-17,2,-35,13,-4,-7,-59,-10,-42,-23,6,-4,-18,1,-27,-16,-13
2021/9/19,-58,24,-6,-29,13,4,-7,-25,17,7,-20,-3,-18,18,1,-5,-64,-9,-46,-31,11,-3,-25,-22,-27,-18,-11
2021/9/20,-60,-5,-1,-39,6,-10,-10,-28,1,-11,-29,-7,-39,-5,-9,-23,-56,-18,-43,-28,1,-4,-29,-14,-27,-27,-22
2021/9/21,-59,-5,-1,-41,8,-10,-9,-27,2,-10,-30,-6,-22,-1,-11,-22,-58,-19,-43,-29,1,-4,-29,-4,-31,-28,-24
2021/9/22,-58,-5,-2,-43,8,-11,-5,-26,1,-9,-29,-7,-23,-5,-13,-19,-53,-19,-45,-29,-4,-4,-28,-6,-24,-27,-24
2021/9/23,-57,-6,0,-40,8,-14,-12,-29,3,-10,-29,-7,-42,-2,-13,-24,-54,-21,-45,-27,-1,-3,-33,-5,-29,-28,-22
2021/9/24,-59,-10,3,-39,8,-10,-14,-28,6,-8,-28,-4,-25,-2,-11,-16,-53,-17,-47,-27,0,-6,-26,-3,-26,-22,-19
2021/9/25,-54,9,0,-30,20,1,-13,-24,8,1,-17,4,-25,12,-3,-4,-54,-5,-41,-25,7,-3,-11,2,-34,-14,-12
2021/9/26,-59,11,-5,-33,15,-1,-4,-22,11,13,-25,-6,-28,7,-1,-6,-59,-10,-44,-31,12,-1,-18,-8,-32,-13,-11
2021/9/27,-62,-16,0,-42,-6,-14,-8,-27,-1,-12,-29,-8,-22,-8,-11,-25,-49,-20,-42,-35,-3,-2,-28,-6,-26,-27,-22
2021/9/28,-59,-5,-1,-42,-25,-10,-7,-27,1,-10,-31,-7,-22,-3,-12,-21,-52,-19,-42,-36,-1,-1,-27,-6,-26,-29,-24
2021/9/29,-60,-12,-2,-40,5,-17,-10,-29,-4,-15,-30,-11,-24,-9,-10,-26,-50,-22,-43,-35,-5,-5,-30,-11,-26,-29,-23
2021/9/30,-60,-11,1,-42,4,-12,-15,-30,0,-11,-32,-10,-23,-4,-8,-26,-51,-23,-41,-32,-8,-2,-31,-8,-27,-30,-20
2021/10/1,-60,-8,4,-37,4,-11,-17,-29,1,-9,-29,-8,-30,-5,-7,-22,-52,-20,-44,-34,-5,-3,-29,-7,-23,-26,-17
2021/10/2,-57,-6,3,-31,14,-3,-13,-23,0,-1,-22,-2,-21,2,4,-13,-53,-15,-39,-30,0,-2,-19,-4,-31,-25,-12
2021/10/3,-56,-16,-10,-33,11,-10,-10,-23,0,0,-25,-2,-20,-3,5,-19,-58,-25,-40,-36,7,-12,-29,-8,-28,-19,-12
2021/10/4,-68,-11,-1,-42,3,-15,-14,-30,-5,-14,-31,-16,-19,-9,-9,-26,-54,-24,-42,-35,-5,-4,-31,-17,-24,-30,-23
2021/10/5,-59,-14,0,-41,3,-13,-14,-32,-4,-15,-31,-17,-19,-7,-10,-28,-55,-24,-43,-35,-6,-4,-29,-15,-23,-32,-23
2021/10/6,-57,-16,3,-39,1,-16,-10,-28,-4,-15,-32,-16,-20,-10,-10,-25,-53,-25,-42,-34,-15,-4,-31,-15,-21,-30,-22
2021/10/7,-58,-11,4,-38,0,-13,-16,-30,-2,-13,-31,-15,-20,-6,-10,-26,-56,-25,-42,-33,-11,-3,-29,-14,-23,-30,-19
2021/10/8,-56,-6,10,-36,8,-12,-15,-29,1,-12,-28,-12,-20,-5,-8,-19,-55,-23,-44,-33,-8,-2,-27,-13,-11,-26,-18
2021/10/9,-55,4,6,-30,11,-2,-13,-23,5,0,-20,-6,-18,9,2,-8,-53,-14,-39,-30,-3,-2,-17,-10,-19,-19,-11
2021/10/10,-59,9,-14,-33,6,-7,-10,-28,11,9,-21,-3,-17,13,3,-7,-57,-18,-40,-36,-5,-6,-26,-4,-15,-19,-12
2021/10/11,-56,-12,-13,-57,0,-16,-16,-32,-4,-17,-29,-19,-19,-11,-7,-26,-51,-21,-41,-34,-9,-10,-32,-13,-27,-29,-24
2021/10/12,-54,-13,-37,-40,1,-11,-16,-30,-2,-18,-29,-13,-19,-7,-10,-27,-56,-21,-43,-34,-9,-28,-29,-15,-22,-30,-21
2021/10/13,-54,-13,4,-39,1,-16,-13,-29,-4,-17,-29,-14,-20,-9,-9,-25,-56,-22,-42,-33,-12,-4,-31,-16,-20,-30,-21
2021/10/14,-55,-13,2,-40,-1,-16,-17,-30,-2,-18,-31,-14,-19,-5,-8,-26,-53,-24,-42,-31,-9,-4,-32,-14,-23,-30,-19
2021/10/15,-52,-10,3,-39,3,-10,-23,-31,0,-16,-29,-12,-18,-6,-4,-20,-54,-20,-41,-31,-8,-4,-29,-14,-15,-26,-18
2021/10/16,-48,-1,2,-34,14,-2,-19,-24,3,-3,-21,-4,-18,4,6,-8,-50,-14,-33,-28,-2,-4,-20,-10,-24,-21,-12
2021/10/17,-48,-1,-9,-32,6,-9,-12,-28,9,0,-24,1,-23,8,8,-10,-62,-9,-34,-34,2,-6,-25,-3,-22,-21,-10
2021/10/18,-53,-12,-4,-42,1,-25,-20,-33,-5,-17,-30,-14,-18,-7,-4,-31,-50,-19,-36,-33,-8,-3,-31,-13,-19,-31,-21
2021/10/19,-53,-13,0,-42,3,-21,-15,-31,-2,-17,-31,-13,-18,-4,-6,-31,-52,-20,-37,-33,-8,-3,-31,-13,-20,-31,-22
2021/10/20,-52,-14,1,-39,6,-26,-21,-33,-5,-16,-30,-14,-18,-9,-5,-29,-51,-20,-38,-33,-8,-5,-31,-12,-18,-31,-21
2021/10/21,-52,-15,4,-40,0,-24,-20,-31,-4,-21,-29,-15,-18,-11,-6,-32,-51,-20,-39,-31,-10,-4,-31,-17,-22,-30,-20
2021/10/22,-47,-9,7,-38,2,-25,-24,-35,0,-18,-28,-12,-19,-8,-5,-27,-53,-17,-40,-31,-10,-5,-28,-16,-15,-26,-18
2021/10/23,-44,-5,6,-30,4,-2,-25,-28,5,-5,-21,-6,-14,4,6,-14,-55,-10,-34,-27,-6,-2,-19,-9,-25,-19,-13
2021/10/24,-48,-1,-12,-32,5,-9,-18,-28,9,4,-18,-4,-13,8,8,-4,-63,-17,-35,-33,-2,-4,-29,-2,-23,-19,-14
2021/10/25,-50,-15,3,-44,-3,-18,-21,-31,-8,-15,-40,-15,-16,-9,-4,-30,-66,-21,-37,-32,-9,-4,-30,-12,-19,-30,-23
2021/10/26,-48,-13,3,-43,2,-15,-21,-29,-7,-14,-32,-14,-16,-5,-5,-29,-50,-20,-34,-32,-7,-3,-28,-11,-18,-31,-25
2021/10/27,-47,-10,3,-38,4,-19,-20,-28,-5,-14,-34,-13,-16,-8,-3,-26,-51,-19,-36,-31,-5,-4,-29,-12,-16,-31,-22
2021/10/28,-48,-9,4,-39,-31,-14,-23,-28,-4,-12,-32,-12,-16,-6,-1,-25,-51,-21,-35,-29,-9,-3,-28,-11,-18,-30,-21
2021/10/29,-48,-7,8,-37,-13,-10,-23,-28,-4,-10,-31,-8,-16,-2,3,-21,-53,-16,-34,-29,-14,-4,-25,-12,-10,-28,-21
2021/10/30,-41,-9,8,-30,5,-3,-21,-21,4,-3,-19,-1,-11,-1,18,-16,-54,-10,-24,-25,-3,-7,-15,-13,-19,-19,-16
2021/10/31,-41,-2,-9,-28,13,-5,-16,-24,7,10,-24,-1,-15,6,26,-13,-58,-10,-27,-31,-1,-4,-23,0,-15,-21,-12
2021/11/1,-47,-42,-13,-41,1,-15,-19,-28,-31,-27,-30,-38,-16,-46,-5,-25,-47,-21,-49,-31,-44,-30,-32,-21,-17,-30,-21
2021/11/2,-48,-28,-40,-42,0,-12,-16,-28,-7,-14,-30,-12,-14,-15,-18,-27,-51,-21,-35,-32,-14,-4,-30,-10,-18,-29,-24
2021/11/3,-46,-24,9,-41,0,-17,-20,-28,-10,-15,-30,-19,-33,-19,0,-26,-52,-21,-33,-28,-14,-7,-32,-15,-17,-30,-23
2021/11/4,-46,-27,8,-40,-5,-15,-23,-28,-10,-18,-30,-16,-15,-17,-3,-28,-51,-21,-35,-41,-17,-6,-31,-15,-19,-29,-22
2021/11/5,-43,-22,12,-39,-3,-12,-25,-30,-9,-16,-27,-15,-16,-16,-2,-23,-51,-20,-37,-31,-14,-6,-30,-14,-9,-26,-21
2021/11/6,-40,-10,10,-32,3,-7,-24,-24,2,-10,-23,-14,-12,-1,8,-15,-52,-15,-29,-25,-10,-5,-15,-14,-16,-21,-16
2021/11/7,-46,-10,0,-32,-6,-9,-28,-27,4,-10,-20,-10,-13,-9,11,-16,-54,-15,-29,-31,-11,-8,-28,-7,-12,-18,-15
2021/11/8,-47,-16,10,-41,-4,-18,-24,-31,-5,-16,-29,-20,-16,-10,-1,-29,-45,-22,-33,-32,-13,-7,-30,-15,-18,-29,-22
2021/11/9,-44,-15,8,-42,-1,-15,-20,-29,-4,-14,-31,-18,-17,-5,-3,-30,-47,-23,-34,-33,-14,-12,-30,-12,-17,-30,-22
2021/11/10,-46,-9,9,-39,-2,-18,-21,-28,1,-15,-29,-18,-15,-7,-1,-27,-46,-21,-34,-32,-15,-7,-29,-15,-15,-30,-21
2021/11/11,-45,-41,7,-45,-4,-17,-22,-27,-35,-15,-29,-17,-15,-3,0,-28,-46,-22,-34,-29,-17,-6,-30,-13,-16,-29,-25
2021/11/12,-44,-20,12,-42,-4,-15,-25,-28,-16,-17,-29,-15,-16,-9,4,-24,-51,-19,-35,-29,-15,-5,-27,-16,-9,-27,-22
2021/11/13,-41,-14,13,-34,-3,-11,-23,-23,-8,-17,-18,-13,-11,-6,17,-21,-54,-16,-25,-24,-14,-3,-22,-21,-18,-20,-16
2021/11/14,-45,-9,1,-36,-6,-10,-17,-24,5,-12,-20,-21,-11,2,15,-20,-54,-13,-24,-27,-15,-7,-27,-21,-9,-18,-15
2021/11/15,-46,-20,-32,-43,-6,-17,-23,-30,-6,-18,-28,-20,-14,-10,-15,-34,-45,-23,-28,-31,-15,-6,-31,-17,-14,-29,-22
2021/11/16,-43,-18,10,-41,2,-14,-21,-27,-4,-17,-32,-19,-14,-8,5,-35,-48,-23,-26,-31,-12,-7,-29,-14,-15,-29,-22
2021/11/17,-42,-18,9,-41,-33,-20,-19,-27,-7,-20,-31,-18,-14,-12,1,-32,-47,-23,-29,-31,-51,-7,-31,-16,-14,-29,-21
2021/11/18,-42,-18,7,-41,-9,-18,-26,-28,-4,-18,-31,-16,-14,-9,0,-35,-45,-22,-29,-29,-19,-6,-28,-15,-17,-29,-20
2021/11/19,-39,-16,9,-39,-8,-14,-26,-27,-3,-18,-28,-15,-13,-9,1,-30,-47,-19,-31,-28,-19,-5,-27,-15,-7,-25,-19
2021/11/20,-36,-13,4,-31,-4,-9,-27,-21,-4,-14,-22,-11,-7,2,12,-25,-47,-16,-20,-22,-12,-8,-21,-18,-14,-18,-10
2021/11/21,-46,-14,1,-34,-6,-10,-25,-26,-5,-15,-17,-11,-8,-10,15,-23,-54,-12,-18,-28,-14,-10,-28,-14,-6,-18,-12
2021/11/22,-45,-21,10,-43,-8,-18,-22,-30,-8,-19,-28,-21,-16,-12,1,-33,-44,-22,-27,-30,-17,-9,-30,-17,-16,-29,-21
2021/11/23,-43,-22,8,-43,-6,-16,-19,-28,-6,-19,-32,-18,-33,-7,0,-34,-47,-21,-27,-31,-18,-10,-28,-16,-18,-29,-17
2021/11/24,-42,-21,9,-41,-7,-18,-18,-27,-9,-20,-33,-17,-14,-10,1,-33,-46,-22,-29,-30,-16,-10,-29,-16,-14,-29,-12
2021/11/25,-42,-21,10,-41,-9,-17,-25,-29,-8,-21,-32,-21,-13,-7,1,-35,-45,-21,-26,-27,-30,-7,-28,-15,-15,-28,-46
2021/11/26,-40,-18,12,-39,-9,-13,-24,-26,-5,-20,-30,-17,-14,-9,2,-31,-44,-18,-26,-25,-34,-5,-26,-14,-9,-26,-38
2021/11/27,-37,-14,10,-34,-9,-9,-26,-22,-8,-19,-22,-15,-12,1,13,-30,-45,-17,-15,-18,-41,-7,-20,-16,-18,-26,-15
2021/11/28,-40,-18,3,-36,-12,-9,-19,-28,-6,-16,-19,-17,-12,-5,19,-30,-51,-18,-15,-21,-43,-13,-24,-17,-10,-20,-7
2021/11/29,-43,-22,8,-42,-9,-19,-21,-33,-8,-21,-30,-21,-14,-12,4,-37,-42,-23,-19,-28,-27,-7,-31,-16,-13,-31,-21
2021/11/30,-43,-25,7,-42,-11,-14,-19,-31,-6,-21,-35,-17,-14,-11,5,-39,-47,-22,-23,-28,-28,-5,-29,-15,-16,-30,-21
2021/12/1,-41,-24,10,-40,-10,-20,-18,-27,-8,-21,-33,-19,-16,-13,8,-36,-45,-24,-23,-26,-30,-7,-31,-16,-15,-30,-21
2021/12/2,-40,-26,10,-41,-11,-15,-24,-30,-7,-22,-34,-21,-16,-10,6,-39,-44,-25,-25,-25,-31,-6,-30,-18,-16,-30,-22
2021/12/3,-36,-22,13,-41,-10,-16,-23,-29,-7,-22,-31,-19,-16,-10,6,-36,-44,-25,-27,-24,-30,-3,-28,-14,-6,-26,-22
2021/12/4,-33,-19,17,-34,-10,-6,-19,-23,-5,-21,-22,-13,-13,-4,19,-35,-45,-23,-14,-16,-36,-2,-20,-23,-11,-20,-16
2021/12/5,-40,-16,7,-36,-9,-13,-16,-31,-2,-18,-22,-14,-15,-11,24,-32,-51,-25,-9,-20,-38,-6,-31,-15,-8,-20,-17
2021/12/6,-43,-31,9,-46,-11,-19,-19,-54,-9,-21,-32,-22,-16,-16,6,-39,-44,-30,-21,-27,-29,-29,-32,-17,-14,-32,-25
2021/12/7,-43,-24,7,-44,-8,-15,-20,-31,-6,-21,-56,-18,-15,-11,4,-38,-45,-31,-19,-27,-30,-15,-31,-13,-15,-34,-25
2021/12/8,-40,-24,4,-42,-8,-22,-16,-30,-8,-22,-42,-50,-17,-13,6,-36,-43,-32,-27,-26,-29,-36,-33,-25,-12,-32,-24
2021/12/9,-40,-26,13,-42,-9,-20,-22,-31,-8,-22,-34,-23,-15,-15,5,-40,-42,-33,-24,-24,-31,-10,-34,-18,-14,-30,-24
2021/12/10,-35,-25,16,-41,-7,-22,-25,-31,-8,-22,-31,-23,-14,-12,7,-35,-43,-30,-24,-24,-25,-11,-33,-17,-5,-26,-23
2021/12/11,-32,-11,20,-35,-6,-16,-21,-23,1,-19,-20,-17,-10,1,22,-29,-44,-26,-11,-16,-20,-3,-25,-19,-6,-20,-18
2021/12/12,-35,-17,10,-34,-6,-20,-19,-27,0,-22,-24,-9,-13,-9,24,-34,-54,-30,-4,-17,-26,-6,-32,-14,-8,-20,-17
2021/12/13,-42,-25,8,-43,-7,-24,-20,-29,-10,-21,-30,-19,-15,-12,7,-37,-42,-32,-18,-26,-22,-6,-34,-17,-14,-33,-24
2021/12/14,-40,-24,7,-43,-5,-21,-21,-30,-7,-20,-30,-18,-15,-10,9,-37,-47,-34,-17,-25,-22,-6,-33,-16,-13,-34,-24
2021/12/15,-38,-22,9,-42,-3,-26,-16,-27,-8,-19,-28,-16,-13,-12,14,-34,-38,-35,-16,-24,-21,-7,-34,-17,-10,-33,-22
2021/12/16,-38,-22,11,-41,-6,-25,-20,-28,-6,-20,-29,-22,-14,-10,14,-36,-36,-35,-22,-22,-23,-7,-33,-18,-12,-34,-21
2021/12/17,-35,-18,13,-41,-5,-27,-22,-31,-6,-20,-29,-16,-15,-9,14,-33,-37,-37,-34,-22,-21,-8,-32,-18,-4,-32,-20
2021/12/18,-32,-8,20,-34,2,-19,-18,-24,6,-15,-12,-12,-13,0,32,-26,-32,-32,-10,-13,-9,-3,-26,-16,-11,-26,-13
2021/12/19,-38,-7,13,-32,-9,-24,-21,-28,2,-19,-18,-9,-16,1,40,-38,-37,-34,-6,-16,-19,-8,-34,-17,-2,-25,-14
2021/12/20,-44,-25,12,-46,-8,-29,-21,-32,-16,-22,-28,-18,-14,-27,14,-45,-33,-37,-10,-24,-18,-8,-35,-22,-13,-37,-23
2021/12/21,-44,-23,11,-47,-6,-28,-18,-32,-13,-22,-28,-16,-14,-25,13,-45,-37,-36,-7,-24,-18,-7,-34,-21,-20,-39,-22
2021/12/22,-43,-24,11,-47,-8,-28,-13,-30,-14,-22,-27,-14,-15,-28,17,-43,-35,-34,-8,-23,-20,-10,-36,-22,-14,-39,-21
2021/12/23,-45,-26,13,-47,-28,-33,-17,-35,-12,-28,-28,-14,-14,-27,20,-47,-35,-42,4,-20,-32,-12,-43,-23,-14,-39,-22
2021/12/24,-51,-39,-14,-55,-59,-62,-38,-66,-29,-55,-50,-34,-15,-46,-7,-48,-45,-70,-15,-24,-71,-35,-65,-40,-7,-49,-39
2021/12/25,-60,-51,-42,-61,-46,-49,-35,-62,-41,-51,-85,-59,-15,-49,-38,-56,-64,-64,-27,-24,-60,-47,-51,-49,-13,-81,-43
2021/12/26,-45,-26,-4,-44,-30,-32,-22,-44,1,-29,-48,-34,-20,-13,25,-44,-41,-44,1,-19,-38,-22,-40,-31,-13,-55,-19
2021/12/27,-62,-39,-6,-62,-34,-42,-23,-45,-24,-40,-50,-34,-15,-37,2,-53,-50,-49,-11,-25,-35,-19,-47,-37,-17,-54,-29
2021/12/28,-61,-40,-7,-59,-33,-43,-23,-45,-23,-41,-48,-31,-15,-39,1,-54,-56,-49,-11,-24,-35,-18,-47,-39,-14,-54,-28
2021/12/29,-56,-35,-5,-55,-32,-43,-22,-45,-24,-39,-46,-31,-24,-39,4,-51,-50,-49,-8,-24,-36,-19,-47,-41,-10,-50,-28
2021/12/30,-56,-35,-5,-55,-33,-41,-24,-45,-20,-37,-52,-29,-29,-37,7,-53,-51,-50,-10,-21,-38,-18,-49,-33,0,-49,-28
2021/12/31,-54,-41,-25,-59,-39,-58,-35,-49,-28,-50,-55,-40,-48,-45,-13,-52,-51,-62,-31,-25,-53,-36,-58,-34,-5,-51,-40
2022/1/1,-56,-42,-46,-61,-33,-42,-40,-53,-31,-44,-57,-49,-43,-31,-39,-53,-50,-54,-48,-25,-51,-41,-48,-33,-11,-59,-41
2022/1/2,-45,-25,-8,-49,-17,-34,-27,-44,5,-20,-38,-18,-14,5,30,-41,-42,-36,-9,-26,-18,-13,-43,-19,-10,-39,-22
2022/1/3,-63,-40,-5,-62,-16,-37,-27,-41,-19,-33,-52,-36,-36,-27,7,-51,-50,-42,-24,-26,-30,-18,-47,-33,-16,-56,-32
2022/1/4,-56,-39,-6,-56,-17,-35,-27,-43,-20,-35,-47,-37,-27,-29,4,-52,-55,-43,-28,-23,-32,-20,-46,-32,-18,-48,-30
2022/1/5,-58,-36,-5,-56,-16,-38,-22,-41,-22,-34,-46,-37,-21,-28,7,-52,-50,-43,-33,-21,-32,-16,-48,-36,-16,-46,-32
2022/1/6,-58,-36,-6,-58,-17,-35,-28,-58,-22,-37,-50,-50,-21,-25,-8,-51,-51,-45,-35,-19,-59,-48,-61,-34,-20,-47,-33
2022/1/7,-58,-39,-5,-58,-18,-40,-31,-51,-23,-37,-51,-38,-20,-28,-10,-51,-50,-45,-39,-19,-32,-30,-53,-37,-13,-44,-37
2022/1/8,-51,-30,-6,-51,-21,-38,-30,-45,-22,-29,-40,-30,-20,-19,-1,-48,-39,-41,-34,-14,-21,-22,-42,-32,-21,-44,-30
2022/1/9,-51,-21,-15,-51,-22,-39,-25,-43,-22,-27,-40,-34,-19,-20,3,-40,-43,-41,-34,-18,-20,-24,-45,-33,-21,-36,-31
2022/1/10,-57,-29,-2,-58,-15,-34,-24,-42,-22,-25,-44,-35,-41,-25,-7,-46,-40,-42,-36,-20,-17,-18,-44,-28,-17,-42,-34
2022/1/11,-57,-28,-6,-60,-14,-33,-27,-43,-21,-26,-44,-34,-19,-20,-11,-47,-46,-44,-37,-20,-20,-18,-43,-27,-19,-42,-35
2022/1/12,-57,-29,-5,-57,-15,-36,-24,-41,-22,-27,-43,-35,-20,-23,-12,-45,-44,-46,-40,-19,-20,-21,-45,-28,-18,-41,-32
2022/1/13,-57,-29,-5,-56,-17,-34,-26,-42,-23,-27,-45,-34,-21,-21,-12,-48,-44,-46,-41,-18,-21,-21,-45,-28,-19,-41,-31
2022/1/14,-54,-26,-3,-56,-15,-35,-31,-45,-19,-28,-43,-34,-23,-19,-12,-44,-44,-43,-43,-19,-18,-21,-45,-27,-13,-38,-31
2022/1/15,-47,-20,-2,-53,-13,-33,-28,-42,-16,-27,-34,-29,-26,-14,-3,-40,-39,-40,-35,-14,-11,-22,-41,-24,-23,-35,-31
2022/1/16,-47,-31,-9,-51,-20,-35,-31,-46,-18,-29,-35,-29,-30,-28,-4,-37,-41,-43,-36,-19,-15,-25,-48,-19,-22,-33,-35
2022/1/17,-55,-28,-3,-63,-18,-33,-29,-40,-20,-27,-41,-33,-21,-23,-10,-43,-35,-40,-36,-21,-20,-19,-45,-25,-20,-39,-41
2022/1/18,-55,-28,-4,-55,-15,-31,-24,-41,-19,-26,-42,-31,-22,-20,-12,-44,-40,-42,-36,-21,-17,-19,-44,-24,-20,-38,-31
2022/1/19,-55,-30,-4,-53,-16,-35,-22,-40,-21,-27,-40,-32,-23,-24,-13,-38,-40,-41,-39,-21,-18,-20,-45,-26,-17,-38,-31
2022/1/20,-54,-31,-6,-53,-20,-34,-28,-43,-20,-28,-41,-34,-24,-22,-14,-42,-41,-39,-38,-19,-22,-20,-46,-28,-18,-37,-33
2022/1/21,-51,-28,-1,-53,-20,-34,-30,-43,-18,-28,-40,-33,-26,-21,-15,-37,-40,-39,-41,-19,-22,-20,-45,-27,-24,-35,-33
2022/1/22,-43,-23,0,-47,-19,-31,-28,-42,-15,-29,-30,-30,-30,-12,-7,-32,-35,-37,-35,-15,-21,-20,-42,-24,-28,-30,-31
2022/1/23,-46,-23,-5,-48,-23,-32,-28,-41,-15,-26,-30,-30,-36,-23,-5,-30,-39,-39,-35,-19,-24,-23,-46,-19,-29,-30,-29
2022/1/24,-53,-28,-3,-54,-19,-35,-27,-41,-20,-26,-37,-33,-25,-22,-12,-39,-47,-39,-35,-22,-20,-18,-45,-26,-23,-36,-32
2022/1/25,-51,-31,-7,-53,-18,-30,-24,-39,-18,-27,-38,-32,-25,-21,-12,-40,-48,-39,-34,-22,-22,-17,-42,-23,-20,-36,-32
2022/1/26,-62,-31,-2,-53,-19,-35,-25,-40,-20,-28,-38,-32,-27,-24,-12,-40,-47,-39,-36,-21,-22,-18,-44,-24,-19,-36,-32
2022/1/27,-53,-32,-2,-52,-22,-34,-29,-41,-19,-29,-37,-32,-27,-23,-12,-43,-46,-40,-36,-19,-25,-16,-46,-24,-20,-35,-30
2022/1/28,-50,-27,-1,-51,-24,-32,-31,-42,-16,-27,-36,-30,-29,-19,-12,-35,-45,-39,-37,-20,-26,-16,-43,-24,-21,-32,-30
2022/1/29,-43,-20,-5,-46,-25,-37,-31,-43,-12,-28,-26,-26,-33,-11,-2,-28,-40,-39,-29,-17,-25,-14,-44,-18,-33,-27,-36
2022/1/30,-44,-16,-13,-47,-29,-31,-29,-42,-9,-24,-29,-23,-36,-15,2,-23,-44,-35,-30,-21,-32,-16,-47,-16,-32,-26,-28
2022/1/31,-50,-30,-1,-50,-19,-28,-25,-36,-18,-27,-36,-31,-27,-23,-4,-43,-50,-38,-29,-29,-22,-15,-42,-27,-37,-34,-30
2022/2/1,-50,-27,1,-49,-19,-24,-23,-36,-15,-27,-36,-28,-27,-19,-4,-39,-47,-38,-36,-44,-22,-12,-41,-24,-32,-33,-28
2022/2/2,-49,-26,1,-51,-18,-28,-22,-36,-16,-25,-34,-28,-29,-20,-5,-36,-46,-36,-30,-44,-23,-13,-42,-26,-20,-32,-31
2022/2/3,-48,-27,4,-51,-18,-29,-26,-38,-15,-26,-35,-27,-28,-20,-6,-41,-45,-37,-32,-28,-21,-11,-43,-23,-29,-33,-36
2022/2/4,-44,-25,8,-50,-23,-27,-30,-39,-12,-27,-34,-27,-30,-17,-4,-37,-43,-35,-34,-25,-27,-12,-43,-22,-27,-31,-35
2022/2/5,-41,-14,7,-41,-17,-21,-29,-36,0,-22,-27,-24,-35,-3,5,-25,-46,-34,-26,-23,-21,-12,-34,-13,-27,-26,-26
2022/2/6,-43,-33,-2,-43,-23,-26,-28,-38,-10,-33,-28,-23,-38,-30,1,-35,-54,-32,-23,-28,-23,-11,-42,-21,-26,-28,-25
2022/2/7,-47,-22,7,-48,-18,-27,-25,-35,-12,-24,-33,-28,-27,-19,-24,-36,-59,-34,-27,-25,-22,-9,-39,-22,-23,-32,-28
2022/2/8,-46,-23,7,-49,-15,-24,-24,-36,-11,-24,-35,-24,-27,-18,-2,-37,-43,-35,-28,-24,-19,-9,-39,-17,-23,-31,-27
2022/2/9,-45,-21,8,-47,-14,-28,-21,-35,-11,-22,-33,-24,-26,-17,-3,-36,-44,-35,-30,-25,-19,-10,-39,-17,-22,-31,-26
2022/2/10,-45,-26,9,-47,-13,-27,-24,-36,-11,-24,-33,-24,-30,-19,-2,-38,-44,-34,-29,-23,-19,-8,-37,-18,-24,-30,-25
2022/2/11,-42,-19,11,-46,-15,-25,-26,-37,-7,-24,-31,-22,-48,-16,-1,-32,-45,-32,-30,-23,-22,-9,-37,-22,-17,-27,-24
2022/2/12,-39,-8,6,-38,-4,-21,-25,-34,6,-15,-25,-18,-30,-1,8,-23,-46,-33,-21,-20,-12,-8,-31,-14,-25,-24,-20
2022/2/13,-39,-11,0,-42,-2,-26,-24,-38,2,-8,-25,-14,-37,-4,9,-24,-56,-29,-16,-24,-11,-11,-39,-2,-24,-26,-25
2022/2/14,-43,-21,10,-49,-6,-30,-22,-34,-13,-21,-29,-25,-25,-24,6,-34,-37,-33,-14,-23,-15,-8,-37,-23,-20,-31,-27
2022/2/15,-44,-20,9,-48,-7,-27,-25,-35,-10,-21,-33,-26,-25,-21,2,-35,-44,-31,-20,-25,-17,-8,-36,-22,-19,-33,-26
2022/2/16,-43,-22,9,-46,-8,-32,-23,-35,-12,-24,-35,-23,-26,-26,3,-34,-44,-32,-23,-25,-19,-8,-37,-25,-17,-33,-25
2022/2/17,-43,-20,9,-48,-13,-31,-28,-36,-9,-32,-33,-22,-27,-24,2,-34,-44,-31,-24,-24,-23,-6,-37,-23,-21,-30,-26
2022/2/18,-39,-25,10,-47,-10,-33,-29,-35,-13,-27,-39,-21,-27,-25,3,-57,-44,-28,-26,-25,-17,-8,-35,-20,-17,-46,-24
2022/2/19,-37,-14,5,-40,-5,-26,-29,-31,4,-21,-25,-18,-32,-6,11,-35,-43,-24,-17,-21,-16,-12,-29,-16,-29,-28,-19
2022/2/20,-38,-25,-2,-38,-11,-23,-24,-31,2,-25,-34,-9,-36,-16,13,-34,-46,-27,-15,-28,-15,-7,-33,-12,-33,-30,-19
2022/2/21,-48,-24,9,-57,-9,-27,-27,-37,-13,-25,-31,-23,-25,-19,5,-39,-42,-33,-22,-27,-18,-7,-39,-23,-23,-34,-29
2022/2/22,-45,-21,9,-49,-7,-23,-23,-33,-10,-22,-32,-20,-23,-15,2,-36,-48,-34,-23,-26,-16,-6,-34,-17,-22,-30,-28
2022/2/23,-44,-18,8,-48,-4,-25,-16,-34,-10,-19,-32,-19,-46,-11,2,-30,-48,-35,-23,-27,-18,-8,-34,-15,-23,-31,-27
2022/2/24,-44,-22,9,-46,-6,-26,-41,-37,-12,-22,-34,-20,-24,-14,3,-36,-48,-36,-17,-26,-16,-7,-36,-16,-20,-32,-28
2022/2/25,-42,-17,12,-48,-8,-25,-38,-38,-10,-23,-30,-21,-24,-6,4,-30,-49,-32,-28,-27,-18,-11,-33,-18,-7,-27,-29
2022/2/26,-43,-8,7,-38,-6,-11,-24,-25,3,-11,-21,-16,-24,21,12,-12,-46,-26,-18,-21,-8,-8,-20,-9,-12,-20,-20
2022/2/27,-44,-3,-5,-40,-2,-15,-23,-29,7,-3,-18,-11,-28,9,15,-6,-49,-22,-10,-27,-6,-4,-28,1,-8,-17,-19
2022/2/28,-47,-24,-23,-47,-7,-21,-24,-32,-10,-20,-29,-21,-22,-9,7,-32,-45,-30,-16,-27,-16,-10,-34,-12,-10,-31,-25
2022/3/1,-46,-26,-34,-46,-3,-19,-22,-30,-8,-20,-29,-20,-25,-7,4,-36,-51,-29,-16,-27,-14,-8,-32,-11,-15,-32,-24
2022/3/2,-48,-24,-9,-46,-4,-22,-23,-30,-10,-19,-31,-21,-25,-12,4,-32,-51,-29,-19,-28,-15,-9,-33,-15,-18,-32,-24
2022/3/3,-46,-23,4,-46,-6,-20,-23,-31,-10,-20,-30,-21,-25,-6,2,-35,-52,-29,-21,-26,-18,-11,-34,-15,-19,-34,-25
2022/3/4,-43,-22,4,-46,-8,-20,-24,-32,-8,-22,-28,-21,-26,-6,2,-32,-52,-27,-22,-26,-16,-12,-33,-17,-13,-30,-25
2022/3/5,-40,-9,1,-36,-7,-13,-15,-24,3,-12,-15,-19,-26,11,9,-20,-50,-21,-11,-22,-7,-9,-24,-11,-21,-24,-20
2022/3/6,-45,-8,-6,-38,-9,-14,-13,-26,7,-11,-16,-15,-28,6,12,-19,-53,-18,-9,-25,-1,-15,-30,-6,-20,-22,-20
2022/3/7,-46,-20,8,-47,-10,-22,-20,-33,-7,-22,-30,-21,-24,-12,4,-34,-50,-27,-18,-29,-10,-12,-33,-15,-23,-32,-27
2022/3/8,-45,-18,7,-46,-3,-19,-17,-32,-5,-21,-33,-25,-24,-7,1,-34,-54,-26,-18,-28,-8,-10,-31,-12,-19,-32,-27
2022/3/9,-44,-17,5,-45,-4,-24,-18,-32,-7,-20,-35,-21,-24,-8,-1,-32,-54,-27,-20,-29,-10,-12,-32,-13,-17,-33,-28
2022/3/10,-41,-17,5,-45,-6,-23,-22,-33,-6,-21,-30,-21,-23,-7,1,-33,-54,-28,-18,-28,-9,-12,-34,-14,-19,-32,-27
2022/3/11,-39,-16,5,-46,-7,-22,-24,-34,-7,-22,-31,-21,-24,-6,2,-30,-53,-25,-20,-28,-9,-15,-32,-17,-11,-32,-27
2022/3/12,-37,-9,-1,-41,5,-13,-14,-21,-3,-13,-21,-18,-21,7,6,-20,-51,-18,-7,-22,4,-13,-22,-12,-17,-26,-26
2022/3/13,-38,-6,-8,-41,6,-13,-11,-26,-2,-1,-18,-13,-22,1,10,-15,-53,-16,-3,-24,11,-12,-27,-5,-13,-24,-20
2022/3/14,-47,-18,4,-48,-2,-22,-17,-31,-6,-22,-28,-21,-22,-9,5,-33,-49,-25,-14,-31,-4,-17,-32,-14,-18,-32,-26
2022/3/15,-40,-18,5,-47,-1,-19,-16,-30,-6,-22,-28,-20,-22,-10,5,-31,-53,-25,-11,-31,-5,-14,-30,-15,-19,-32,-25
2022/3/16,-40,-17,4,-45,-1,-24,-13,-29,-7,-20,-18,-21,-22,-11,5,-29,-52,-26,-13,-29,-10,-15,-32,-14,-18,-34,-24
2022/3/17,-39,-19,5,-44,-4,-22,-18,-30,-7,-23,-24,-21,-22,-9,6,-32,-51,-28,-13,-28,-5,-15,-33,-16,-20,-31,-25
2022/3/18,-38,-14,7,-44,-2,-20,-21,-32,-4,-20,-36,-21,-25,-8,7,-27,-50,-22,-15,-28,-6,-12,-31,-19,-13,-29,-24
2022/3/19,-38,-6,0,-38,9,-10,-12,-21,3,-12,-14,-16,-19,7,12,-16,-47,-16,-2,-21,7,-10,-19,-12,-17,-23,-19
2022/3/20,-37,-9,-9,-38,9,-13,-7,-22,8,-4,-10,-11,-11,-2,10,-19,-50,-9,7,-25,12,-13,-25,-4,-13,-20,-15
2022/3/21,-42,-16,4,-46,1,-22,-18,-31,-6,-19,-26,-20,-36,-7,-19,-30,-51,-24,-10,-28,-2,-15,-32,-14,-19,-32,-26
2022/3/22,-40,-15,4,-46,4,-18,-15,-30,-4,-18,-29,-19,-22,-5,7,-28,-53,-25,-10,-28,-2,-15,-29,-11,-21,-31,-26
2022/3/23,-40,-15,4,-46,5,-21,-17,-29,-6,-17,-27,-20,-21,-8,4,-26,-52,-24,-12,-28,-1,-17,-30,-12,-24,-31,-26
2022/3/24,-40,-16,5,-45,2,-20,-19,-31,-5,-18,-28,-19,-20,-7,4,-28,-51,-25,-13,-26,-4,-16,-29,-12,-22,-30,-26
2022/3/25,-39,-13,5,-45,2,-19,-22,-31,-5,-18,-26,-18,-19,-6,3,-23,-50,-23,-13,-24,-3,-15,-28,-12,-12,-28,-25
2022/3/26,-38,-3,-1,-38,18,-11,-23,-26,2,-9,-9,-12,-22,8,7,-7,-45,-16,1,-18,10,-15,-18,-6,-20,-19,-20
2022/3/27,-39,0,-7,-39,15,-11,-16,-25,11,2,-10,-7,-14,21,10,-5,-47,-15,7,-21,16,-12,-27,2,-22,-17,-18
2022/3/28,-43,-17,4,-47,3,-22,-22,-34,-6,-18,-25,-19,-17,-9,6,-29,-45,-25,-8,-27,-1,-11,-32,-11,-24,-31,-28
2022/3/29,-43,-17,2,-46,2,-17,-22,-32,-6,-19,-26,-19,-19,-7,3,-29,-50,-25,-9,-26,-2,-11,-30,-11,-20,-32,-27
2022/3/30,-40,-18,3,-45,-1,-23,-18,-30,-9,-20,-28,-24,-18,-12,5,-28,-49,-24,-10,-26,-4,-14,-30,-15,-18,-34,-27
2022/3/31,-40,-20,3,-43,-5,-16,-21,-30,-8,-20,-27,-23,-20,-12,6,-31,-47,-23,-8,-23,-9,-12,-30,-16,-19,-33,-26
